	CLASS
AAACGAAAGACGTCAG-1	3
AAACGAAAGATTGACA-1	3
AAACGAAAGGGTCCCT-1	2
AAACGAACAATTGTGC-1	1
AAACGAACACTCGTGG-1	1
AAACGAACAGGTAGGT-1	5
AAACGAACAGGTCCTG-1	5
AAACGAACATCATAGC-1	3
AAACGAACATTTCACT-1	2
AAACGAAGTAACATAG-1	4
AAACGAAGTCGCGCTA-1	3
AAACGAAGTGAATACA-1	5
AAACGAAGTGCGCTCA-1	3
AAACGAAGTTTCGTTT-1	2
AAACGAATCAGTCACA-1	4
AAACTCGAGAATCAAC-1	5
AAACTCGAGCAATAAC-1	2
AAACTCGAGCCGCAAA-1	5
AAACTCGAGTCAACTC-1	5
AAACTCGAGTCACACT-1	4
AAACTCGCATCGAGTT-1	1
AAACTCGCATGATTGC-1	1
AAACTCGGTCCGTCGA-1	4
AAACTCGGTTTCGACA-1	2
AAACTCGTCAAACCCA-1	2
AAACTCGTCAATTGGC-1	4
AAACTCGTCTCGCGTT-1	4
AAACTCGTCTTCGTTA-1	2
AAACTGCAGTGATATG-1	2
AAACTGCCACATTGCA-1	4
AAACTGCCAGCCGAAA-1	3
AAACTGCCAGGGCTTC-1	3
AAACTGCGTAAGTCTC-1	2
AAACTGCGTCAATCCA-1	3
AAACTGCGTCCCGTGA-1	2
AAACTGCGTGCTTCCT-1	4
AAACTGCTCCAGAGAG-1	5
AAACTGCTCCAGTTAG-1	1
AAACTGCTCGTAGCGC-1	4
AAACTGCTCTTAAGCG-1	2
AAAGATGAGCATTGGG-1	4
AAAGATGAGCTGAGGT-1	1
AAAGATGAGGTAGGAA-1	1
AAAGATGGTGCGTGTC-1	2
AAAGATGGTTCTGAGT-1	2
AAAGATGTCGTCTAGA-1	2
AAAGATGTCTACATCT-1	5
AAAGATGTCTGATCTT-1	1
AAAGGATAGAGCTGTG-1	1
AAAGGATAGATGGGAA-1	3
AAAGGATAGCCATGGA-1	3
AAAGGATCAACCTCTC-1	2
AAAGGATCAAGGAGGG-1	3
AAAGGATCAGTAAGCG-1	3
AAAGGATCATCGACCG-1	2
AAAGGATGTAAACGAT-1	2
AAAGGATGTAACACTC-1	1
AAAGGATGTACGAGAC-1	3
AAAGGATGTCATGAGG-1	3
AAAGGATGTCGTAGTT-1	2
AAAGGATTCATTGCCC-1	1
AAAGGATTCCTTGACC-1	1
AAAGGGCAGCATGATA-1	1
AAAGGGCAGGCCTAAG-1	5
AAAGGGCAGGCTCAGA-1	3
AAAGGGCAGGGATCCA-1	3
AAAGGGCAGGTTAACA-1	4
AAAGGGCAGTTCGACT-1	2
AAAGGGCCAATTGCCA-1	4
AAAGGGCCACCGAATT-1	4
AAAGGGCCACGACGAA-1	5
AAAGGGCCATCAGCTA-1	2
AAAGGGCCATCCGTGG-1	5
AAAGGGCGTAGTATCC-1	2
AAAGGGCGTCCCGAGT-1	1
AAAGGGCGTCGAGAAC-1	5
AAAGGGCGTGTCGTGC-1	5
AAAGGGCGTGTCTACA-1	2
AAAGGGCGTTCTTATC-1	4
AAAGGGCTCACGTCAA-1	1
AAATGAGAGAAAGCAG-1	3
AAATGAGAGAAGCCTG-1	4
AAATGAGAGTAGACCG-1	5
AAATGAGCAAAGGCCA-1	4
AAATGAGCACCTGAAT-1	1
AAATGAGCACGTACAT-1	2
AAATGAGCATGCCTTC-1	1
AAATGAGCATGGGACA-1	1
AAATGAGGTAAACCCT-1	2
AAATGAGGTCATTGCA-1	3
AAATGAGGTTACGAAA-1	1
AAATGAGTCCTTCGAC-1	3
AAATGCCAGCCTTTGA-1	1
AAATGCCCAAGCAATA-1	5
AAATGCCCAGAACGAC-1	4
AAATGCCCAGACTAAA-1	5
AAATGCCGTCACAGTT-1	3
AAATGCCGTCGCTACG-1	3
AAATGCCGTGGACCAA-1	1
AAATGCCTCACCGCGA-1	5
AAATGCCTCCCACGGA-1	1
AAATGCCTCGCAAGCC-1	3
AAATGCCTCTTACTCA-1	4
AACAAAGAGATGTTGA-1	2
AACAAAGAGGAATGGA-1	2
AACAAAGAGGGCTTCC-1	3
AACAAAGAGGTTGTGG-1	3
AACAAAGCAAAGGCCA-1	4
AACAAAGCACCACGAC-1	4
AACAAAGCAGAACAGC-1	3
AACAAAGGTACTAGAA-1	2
AACAAAGTCACTCGGG-1	5
AACAAAGTCACTGGTA-1	5
AACAAAGTCTTAAGCG-1	1
AACAAAGTCTTCCGTG-1	4
AACAGTCAGACCATAA-1	3
AACAGTCAGCAAGGTC-1	1
AACAGTCAGGTGATGC-1	2
AACAGTCCAAATTGAG-1	5
AACAGTCCAGGTCCTG-1	6
AACAGTCCATCCCTCA-1	1
AACAGTCCATCCTGGG-1	2
AACAGTCCATGACTGT-1	2
AACAGTCTCTTGTCAT-1	5
AACATCGAGGCTTCGC-1	1
AACATCGCAAAGGCCA-1	5
AACATCGCAACGTCGC-1	2
AACATCGCATCCGTAA-1	3
AACATCGCATGGGTGA-1	5
AACATCGGTAGCATGG-1	1
AACATCGGTAGCGGTA-1	1
AACATCGGTGCCCTAG-1	4
AACATCGGTGTAGGAC-1	1
AACATCGGTTTGTAGC-1	2
AACATCGTCAGGAAGC-1	2
AACATCGTCTCCACTG-1	2
AACCAACAGCCTATAC-1	3
AACCAACAGGCGATTG-1	2
AACCAACAGTACCTCA-1	4
AACCAACCACAACGGA-1	4
AACCAACCAGCTTACA-1	5
AACCAACGTACGGATG-1	2
AACCAACTCGACTGGC-1	5
AACCAACTCGTCCCAT-1	2
AACCGATAGATGTTGA-1	1
AACCGATAGGACTTTC-1	2
AACCGATAGGCAAGCT-1	5
AACCGATAGTACAGTA-1	3
AACCGATCAGAACTTC-1	2
AACCGATCATCACAGT-1	5
AACCGATGTACGCCCA-1	1
AACCGATGTCAAGACG-1	3
AACCGATGTTTGCATG-1	6
AACCGATTCAGTCACA-1	2
AACCGATTCCCAATAG-1	2
AACCGATTCGCACAAT-1	4
AACCTGAAGGCAGTAC-1	3
AACCTGACACATTCTT-1	4
AACCTGACACTCCACT-1	4
AACCTGACATCGCCTT-1	2
AACCTGAGTAGGTGAC-1	2
AACCTGAGTATTCTTC-1	2
AACCTGAGTCCTATTT-1	2
AACCTGAGTGAATGGC-1	3
AACCTGATCAAACCAC-1	2
AACCTGATCAAACCCA-1	2
AACCTGATCCGTCAAA-1	2
AACCTGATCGCACCTT-1	3
AACCTGATCTCGCGTT-1	3
AACCTTTAGGTCCTCG-1	1
AACCTTTCAAGTGGCA-1	2
AACCTTTCACAGTTCA-1	3
AACCTTTCACCTCGTT-1	1
AACCTTTCATCGTACA-1	3
AACCTTTGTAACCATC-1	1
AACCTTTGTTGCAGAG-1	2
AACCTTTTCGCAAACT-1	4
AACCTTTTCGGGACAA-1	2
AACCTTTTCGGTCTAA-1	1
AACCTTTTCTACCCGT-1	3
AACGAGGAGAGGTCCA-1	2
AACGAGGAGATGGCAC-1	4
AACGAGGAGCGCACAA-1	3
AACGAGGAGTCCAGAG-1	3
AACGAGGCAAACCCTA-1	5
AACGAGGCAAGGCTTT-1	5
AACGAGGCACGCTGTG-1	2
AACGAGGCATAGCCAT-1	5
AACGAGGGTAACCGAG-1	5
AACGAGGGTGCATCAT-1	2
AACGAGGTCACGATTG-1	2
AACGGGAAGATGTTGA-1	3
AACGGGAAGGATTTGA-1	2
AACGGGAAGTGTGTAA-1	2
AACGGGAAGTTGCCGC-1	4
AACGGGACAAACGACG-1	3
AACGGGACACCTGAAT-1	1
AACGGGACACGGTTAT-1	6
AACGGGAGTCATCAAC-1	2
AACGGGAGTCCAACCG-1	2
AACGGGAGTGTGCTTA-1	3
AACGGGATCCATACGA-1	2
AACGGGATCCCACTAC-1	5
AACGGGATCTACTGCC-1	3
AACGGGATCTCTGCAC-1	1
AACGGGATCTTCTCTC-1	4
AACGGGATCTTTATCG-1	4
AACGTACAGAGTCCGA-1	5
AACGTACAGATGGCAC-1	2
AACGTACAGGGAGTTC-1	1
AACGTACCACCGATCG-1	3
AACGTACCAGGTCCTG-1	3
AACGTACCATCTCTCG-1	3
AACGTACGTAGCAGCA-1	3
AACGTACTCGAAGCCC-1	5
AACGTACTCTTACGGA-1	3
AACTGGTAGGAATGGA-1	1
AACTGGTAGTGTAATG-1	3
AACTGGTCAGAGATGC-1	2
AACTGGTCATACAACC-1	4
AACTGGTGTCACCGCA-1	1
AACTGGTGTTGCCTGG-1	3
AACTGGTTCCTGGGAC-1	1
AACTGTGAGTCGTACT-1	2
AACTGTGAGTTACACC-1	2
AACTGTGCAAGGTCGA-1	1
AACTGTGCATGATTGC-1	3
AACTGTGTCCGAGAGA-1	5
AACTTGGAGAACGTTA-1	1
AACTTGGAGCATACCT-1	2
AACTTGGAGCCTTTGA-1	4
AACTTGGAGTTGACAA-1	5
AACTTGGCAAGATGCG-1	3
AACTTGGCAATGGCAG-1	3
AACTTGGGTAAGTCTC-1	3
AACTTGGGTATCAGCT-1	1
AACTTGGGTCCTATTT-1	1
AACTTGGGTCTTAGCA-1	2
AACTTGGTCACATTCT-1	4
AACTTGGTCCGTGCGA-1	1
AAGATAGAGAATATCG-1	4
AAGATAGAGATCGCCC-1	2
AAGATAGAGGCTGGAT-1	3
AAGATAGCAGTGCGTC-1	3
AAGATAGCATCCCTTG-1	2
AAGATAGCATTCCCGT-1	3
AAGATAGGTATTCTGG-1	2
AAGATAGTCTCTCAAT-1	5
AAGGAGCCAACTAGAA-1	1
AAGGAGCCATTCACGA-1	3
AAGGAGCGTAGAACGC-1	3
AAGGAGCGTTCCCTTG-1	4
AAGGAGCTCTACTGCC-1	1
AAGGAGCTCTCATCCG-1	4
AAGGAGCTCTGGCCAG-1	4
AAGGTTCAGGAACCGT-1	6
AAGGTTCAGGGTGTTG-1	3
AAGGTTCAGTCGCCTG-1	5
AAGGTTCAGTCGGGAT-1	1
AAGGTTCCACTGCTCT-1	3
AAGGTTCCATCGGCCA-1	5
AAGGTTCCATGCCTTC-1	2
AAGGTTCCATGGTTTG-1	4
AAGGTTCGTGGAGTGT-1	3
AAGGTTCTCGTAGCGC-1	6
AATACGCAGAAGACTT-1	2
AATACGCGTCCAAGAG-1	3
AATACGCGTTGCAGAG-1	3
AATACGCTCCGGCTGA-1	3
AATGCCAAGAACGACC-1	1
AATGCCAAGAGGAAGT-1	3
AATGCCAAGTCGCGTC-1	2
AATGCCACAGTGCGTC-1	3
AATGCCAGTATCCTTT-1	5
AATGCCAGTTCCATCC-1	3
AATGCCATCAACTTGG-1	2
AATGCCATCTTCACTA-1	3
AATGGAAAGAATGCTA-1	1
AATGGAAAGCCTTTGA-1	3
AATGGAACAATTGCCA-1	2
AATGGAACACAAACGG-1	2
AATGGAACAGCGTACC-1	3
AATGGAACAGGACCTC-1	1
AATGGAAGTACCGGCT-1	5
AATGGAAGTATCCTTT-1	4
AATGGAAGTCGAGGAT-1	4
AATGGAATCACGGGTC-1	3
AATGGAATCCATACGA-1	2
AATGGAATCGGGCTCA-1	3
AATGGCTAGGTCTTGT-1	3
AATGGCTCACTCCACT-1	3
AATGGCTCAGCAACCC-1	2
AATGGCTCATGCCCTT-1	3
AATGGCTGTTGCAGAG-1	2
AATGGCTTCCATAACG-1	5
AATGGCTTCCATATCT-1	5
AATGGCTTCGGTAGGA-1	1
AATGGCTTCTGAGTCA-1	3
AATGTCGAGAACCCGA-1	3
AATGTCGAGAGCCACA-1	5
AATGTCGAGGTTGTGG-1	5
AATGTCGCAAAGCTGG-1	3
AATGTCGCAATGTGCT-1	1
AATGTCGCAATTCTCT-1	2
AATGTCGCACCAAGGA-1	4
AATGTCGCACGAACGA-1	1
AATGTCGCATTTCTTG-1	1
AATGTCGGTACCAAGG-1	1
AATGTCGGTACCCATA-1	1
AATGTCGGTCCGAGCT-1	2
AATGTCGGTCCTCAGG-1	2
AATGTCGGTCTGTCCT-1	3
AATGTCGGTTTAGACC-1	5
AATGTCGTCAGTCAAC-1	1
AATGTCGTCGGGAATG-1	2
ACAAACCCAGGACCTC-1	2
ACAAACCCATGGTAAA-1	3
ACAAACCGTGCCCGAT-1	1
ACAAACCGTGCTAGTT-1	4
ACAAAGAAGTAGTCGG-1	3
ACAAAGAAGTTCTCCC-1	1
ACAAAGACACTCAAGT-1	5
ACAAAGACATCCATAG-1	2
ACAAAGAGTACCAAGG-1	3
ACAAAGATCCTCCTGA-1	1
ACAAAGATCGATAGTC-1	2
ACAAAGATCTCAGATG-1	1
ACAAGCTAGCGGACTA-1	1
ACAAGCTAGGCGCTTC-1	3
ACAAGCTAGGTTCGTT-1	4
ACAAGCTAGTCAGCCC-1	4
ACAAGCTCAAGCGAAC-1	4
ACAAGCTCACCTGGTG-1	2
ACAAGCTCAGTCAGAG-1	6
ACAAGCTGTAGCAGCA-1	3
ACAAGCTGTCATTGCA-1	3
ACAAGCTGTGCAAGCA-1	2
ACAAGCTGTTCCGGCA-1	3
ACAAGCTTCCATACGA-1	3
ACAAGCTTCCGTACGG-1	3
ACAAGCTTCGCCACTT-1	1
ACAAGCTTCGCGGCAT-1	3
ACAAGCTTCGCTATTT-1	3
ACAAGCTTCTATGAGC-1	2
ACAAGCTTCTGATCTT-1	2
ACAAGCTTCTTCCACG-1	2
ACAATCGAGGAAACTT-1	2
ACAATCGAGTGTCCCG-1	3
ACAATCGCAAAGCTTC-1	1
ACAATCGCAGGGTACA-1	4
ACAATCGGTAAGCCGA-1	2
ACAATCGGTTACGGAG-1	2
ACAATCGGTTTAGGAA-1	2
ACAATCGTCAACACGT-1	2
ACAATCGTCTCTGACC-1	4
ACAATCGTCTGGAAGG-1	3
ACAATCGTCTGGCACG-1	3
ACAGAAAAGATACCAA-1	1
ACAGAAAAGCTAGTTC-1	5
ACAGAAAAGGGTTCTT-1	2
ACAGAAAAGTTCTCCC-1	1
ACAGAAACAAGATGCG-1	1
ACAGAAAGTCGCTACG-1	4
ACAGAAAGTGCTAGTT-1	2
ACAGAAAGTTGGCTTA-1	5
ACAGAAATCACTGGTA-1	2
ACAGAAATCAGCACTA-1	3
ACAGAAATCCGAATTG-1	5
ACAGAAATCGGATGTT-1	2
ACAGAAATCTAGCTGA-1	1
ACAGACTAGCCGCTGT-1	2
ACAGACTAGTCTCCAA-1	3
ACAGACTGTTCCAGTA-1	5
ACAGCGCAGACCAATA-1	3
ACAGCGCAGGTGAACC-1	2
ACAGCGCCAACACGGA-1	2
ACAGCGCCAACGGACA-1	3
ACAGCGCCAATGATGA-1	3
ACAGCGCCACTCGCAG-1	1
ACAGCGCGTAATGCCT-1	1
ACAGCGCGTCACCCGA-1	5
ACAGCGCGTGAATGTA-1	3
ACAGCGCGTGCCAAGA-1	4
ACAGCGCGTTAACCGT-1	1
ACAGCGCGTTAAGTCC-1	3
ACAGGCCAGCTAGCAG-1	4
ACAGGCCAGGAGTACC-1	3
ACAGGCCAGGGAAATG-1	3
ACAGGCCAGTAGCAAT-1	1
ACAGGCCCAACAACTC-1	1
ACAGGCCCAAGTCCTA-1	2
ACAGGCCCACCACGAC-1	1
ACAGGCCCAGGCATTT-1	3
ACAGGCCTCAATTGGC-1	3
ACAGGCCTCATTGCCC-1	2
ACAGGCCTCGGTTGTA-1	4
ACAGGCCTCTGTAGAC-1	1
ACATGCAAGGACTTTC-1	3
ACATGCAAGGTAGGCT-1	3
ACATGCAAGGTCTTGT-1	5
ACATGCAAGGTTACAA-1	2
ACATGCACACTTGCGG-1	5
ACATGCAGTAATGTGA-1	1
ACATGCAGTATTGTGC-1	3
ACATGCATCAATTCCT-1	3
ACATGGTAGAAACGCC-1	2
ACATGGTAGGAAACTT-1	2
ACATGGTGTACGCCCA-1	2
ACATGGTGTATATGGA-1	2
ACATGGTGTATGTTCG-1	4
ACATGGTGTGAATCGG-1	1
ACATGGTGTTACGAAA-1	2
ACATGGTTCGGGATCC-1	2
ACCAAACAGGGTATCG-1	1
ACCAAACAGGTGTTGG-1	4
ACCAAACAGTATCTGC-1	2
ACCAAACCACACACCG-1	5
ACCAAACGTCCTTCAC-1	1
ACCAAACGTCTGGGAA-1	1
ACCAAACGTGCATCAT-1	3
ACCAAACTCAGGAAGC-1	2
ACCAAACTCCATTGAG-1	2
ACCAAACTCCCACTTG-1	3
ACCAAACTCCCAGCAG-1	2
ACCAAACTCTGGCACG-1	2
ACCATCCAGAGGAAGT-1	1
ACCATCCAGGGTGTTG-1	2
ACCATCCAGGTCTTTG-1	1
ACCATCCAGTAGTTCC-1	1
ACCATCCCAAGGGTAC-1	1
ACCATCCCACGATTAC-1	3
ACCATCCCATATTGGC-1	1
ACCATCCGTACGGAGT-1	1
ACCATCCGTATCTCAG-1	1
ACCATCCGTCTGGGCT-1	4
ACCATCCTCAGGCCGT-1	1
ACCATCCTCGACTATG-1	3
ACCATCCTCTCTATCA-1	4
ACCATCCTCTTACTCA-1	5
ACCATCCTCTTGTCAT-1	1
ACCCAAAAGCGTAGCA-1	2
ACCCAAAAGTACCCAT-1	1
ACCCAAAAGTCGAGCA-1	2
ACCCAAACACTAGCCG-1	1
ACCCAAACACTGATAC-1	3
ACCCAAAGTGTCCAGC-1	3
ACCCAAATCCTGGGAC-1	3
ACCGAATAGAACTCCT-1	2
ACCGAATAGCACCATT-1	1
ACCGAATAGTATACGA-1	2
ACCGAATCAGGCACAA-1	3
ACCGAATCAGGTGTCC-1	4
ACCGAATGTATCCTTT-1	2
ACCGAATGTTCCCGGA-1	3
ACCGAATGTTCTGAAC-1	1
ACCGAATGTTTCCACC-1	4
ACCGCAGAGACTAGCG-1	3
ACCGCAGCAACCTCCT-1	4
ACCGCAGCACCTGTGG-1	3
ACCGCAGCATCTGCAA-1	3
ACCGCAGGTGCCCGAT-1	3
ACCGCAGGTGTCGTCG-1	3
ACCGCAGGTTAACTCG-1	5
ACCGGGTAGAGTAAGG-1	1
ACCGGGTAGCCCATTA-1	2
ACCGGGTAGCTAGCAG-1	4
ACCGGGTAGTAGTCGG-1	5
ACCGGGTCAAAGGCCA-1	4
ACCGGGTCACAGGAAC-1	2
ACCGGGTCATGGTTTG-1	5
ACCGGGTGTACGCCCA-1	5
ACCGGGTGTAGGTCTT-1	4
ACCGGGTGTATCAGCT-1	2
ACCGGGTGTCAGACGA-1	2
ACCTGCTAGACGCCAA-1	2
ACCTGCTCACTCCCAT-1	5
ACCTGCTCAGTAACGG-1	1
ACCTGCTGTGGACAGT-1	2
ACCTGCTTCACCACAA-1	1
ACCTGCTTCAGGTTTG-1	3
ACCTGCTTCGATGCAT-1	1
ACCTGCTTCTCTTCTC-1	2
ACCTGCTTCTGATCCC-1	1
ACGGATTAGAATCAAC-1	2
ACGGATTAGACCGCAA-1	2
ACGGATTAGGGAGTTC-1	1
ACGGATTAGTTCCAGT-1	4
ACGGATTGTTGCTTGA-1	2
ACGGATTTCTTCTTCC-1	1
ACGTGGCAGAGGAATG-1	3
ACGTGGCAGATCGATA-1	3
ACGTGGCCAAAGAGAG-1	4
ACGTGGCCACTTACAG-1	5
ACGTGGCGTCCCGAGT-1	1
ACGTGGCGTGTTAGAA-1	6
ACGTTAGAGAACGCCA-1	1
ACGTTAGAGAGGCCTA-1	5
ACGTTAGAGCAGGACT-1	1
ACGTTAGCAGTTGGAG-1	3
ACGTTAGCATTCACCC-1	3
ACGTTAGGTCTGGATT-1	4
ACGTTAGGTTACTACG-1	2
ACTAACGAGTTCAAGA-1	2
ACTAACGCACATTCTT-1	1
ACTAACGCACCATTCC-1	4
ACTAACGCATACAACC-1	4
ACTAACGCATGCGACC-1	1
ACTAACGGTATATGGA-1	2
ACTAACGTCCAGGCCA-1	4
ACTAACGTCTATCTCA-1	3
ACTACCCCATGATTGC-1	4
ACTACCCGTCAGAGTG-1	2
ACTACCCGTTTAGACC-1	2
ACTACCCTCCCGTAGG-1	2
ACTACCCTCCTGGAAT-1	1
ACTACCCTCGCATAAC-1	3
ACTACCCTCGGCTATA-1	1
ACTACCCTCGTTCAGA-1	3
ACTACCCTCTGTGTCC-1	1
ACTACGAAGTATGCTC-1	1
ACTACGAAGTCACACT-1	2
ACTACGACAAGCAATA-1	1
ACTACGACAGCGTCGT-1	2
ACTACGACAGTAACTC-1	1
ACTACGACATGTGAGG-1	2
ACTACGAGTAGTGATA-1	1
ACTACGAGTCAGACGA-1	1
ACTACGAGTTTGGATC-1	1
ACTACGATCCTTCGAC-1	2
ACTACGATCGGTGATT-1	3
ACTACGATCGTTTGAG-1	5
ACTAGGTAGCAAGGTC-1	2
ACTAGGTAGCAGAAAG-1	1
ACTAGGTAGCTACGCC-1	3
ACTAGGTAGGTGTCGA-1	4
ACTAGGTAGGTTACAA-1	2
ACTAGGTAGGTTGACG-1	2
ACTAGGTAGTGCTAGG-1	5
ACTAGGTGTAAGTCTC-1	3
ACTAGGTGTTTAGACC-1	1
ACTAGGTTCAAGAGGC-1	1
ACTAGGTTCGCCAGAC-1	1
ACTAGGTTCTAAACGC-1	1
ACTATTCAGCAACGGT-1	3
ACTATTCAGTGAACCG-1	1
ACTATTCCACATAAAG-1	4
ACTATTCCACGGTGTC-1	3
ACTATTCCATGGCCCA-1	1
ACTATTCGTACTTGAC-1	1
ACTATTCGTAGCGAGT-1	2
ACTATTCGTCGACTGC-1	3
ACTATTCGTCTGATTG-1	2
ACTATTCGTGCGTCCA-1	1
ACTATTCGTTACACTG-1	3
ACTATTCTCTGATCTT-1	1
ACTCGGGAGACAGTGC-1	2
ACTCGGGAGCTCGGCT-1	3
ACTCGGGAGGTCCTCG-1	2
ACTCGGGAGGTTAGTA-1	1
ACTCGGGAGTGTCGGA-1	4
ACTCGGGCAACGGACA-1	2
ACTCGGGCAAGACACG-1	2
ACTCGGGCAGAGCCAA-1	3
ACTCGGGCAGCTGATT-1	1
ACTCGGGCATATAGAG-1	1
ACTCGGGGTGCGTTTA-1	5
ACTCGGGGTTTGTACG-1	1
ACTCGGGTCACTCGGG-1	1
ACTCGGGTCGATGCAT-1	4
ACTCGGGTCGGCATAT-1	3
ACTGCAAAGGCAGTAC-1	3
ACTGCAACACACACCG-1	2
ACTGCAAGTAGCATGG-1	2
ACTGCAAGTCTTAGCA-1	1
ACTGCAAGTGATGCGA-1	1
ACTGCAAGTGTCCCAG-1	1
ACTGCAATCCTAAAGC-1	4
ACTGCAATCGCCAGAC-1	3
ACTGCGGAGGCTCCTG-1	1
ACTGCGGAGGGATCCA-1	2
ACTGCGGAGTCCGATT-1	3
ACTGCGGCAATGCATC-1	3
ACTGCGGCACCACAGC-1	4
ACTGCGGTCGCCCTTA-1	3
ACTGCGGTCGCGCTGA-1	2
ACTGTCCAGCGCACAA-1	2
ACTGTCCAGGCCAATG-1	3
ACTGTCCAGTCGCGTC-1	2
ACTGTCCGTAACAATG-1	1
ACTGTCCGTAGAACGC-1	4
ACTGTCCGTCATTGGT-1	2
ACTGTCCGTGATGCTT-1	1
ACTGTCCGTTTCTCTA-1	4
ACTGTCCTCCGCTCTA-1	2
ACTGTCCTCGCAGATT-1	3
ACTTCCGAGAGAGTAG-1	1
ACTTCCGAGTGAACCG-1	1
ACTTCCGAGTTGCTTG-1	2
ACTTCCGCAAGTCCTA-1	4
ACTTCCGCACGCTAAT-1	4
ACTTCCGCACGTACAT-1	2
ACTTCCGCATGACTGT-1	2
ACTTCCGCATGCACTA-1	2
ACTTCCGGTAACCGAG-1	2
ACTTCCGGTATTCTCT-1	2
ACTTCCGGTGAATGTA-1	4
ACTTCCGTCTCGTGAA-1	2
ACTTCCGTCTGGCACG-1	4
ACTTTCAAGAAGCCGT-1	3
ACTTTCAAGCAGAAAG-1	3
ACTTTCAAGGAAGACA-1	5
ACTTTCAAGGGAGTTC-1	3
ACTTTCACAAAGGCCA-1	3
ACTTTCAGTAAAGGCC-1	3
ACTTTCAGTAACTGAA-1	1
ACTTTCAGTATCGCGC-1	2
ACTTTCATCGGATAGG-1	2
ACTTTCATCGGGACAA-1	6
AGACAAAAGAGGAAGT-1	4
AGACAAAAGCTCGTTA-1	3
AGACAAAAGGATTTGA-1	1
AGACAAAAGGTGTCGA-1	3
AGACAAACAAGCGGTA-1	3
AGACAAACACACACCG-1	2
AGACAAACATCACAAC-1	4
AGACAAACATCGAGTT-1	3
AGACAAAGTAAAGGCC-1	4
AGACAAAGTAATGCCT-1	3
AGACAAAGTCGATAGG-1	3
AGACAAAGTGCAGACA-1	6
AGACAAATCCCATAGA-1	5
AGACAAATCCTTCGAC-1	1
AGACAAATCTGTGTGA-1	3
AGATAGAAGACCGCAA-1	5
AGATAGAAGATATGAC-1	1
AGATAGAAGGAGTAGA-1	4
AGATAGAAGGTTCGTT-1	4
AGATAGACATGACTGT-1	2
AGATAGAGTAAACGGC-1	1
AGATAGAGTAGGTAAT-1	2
AGATAGATCAACTTGG-1	5
AGATAGATCACTACCC-1	3
AGATAGATCATGCTTT-1	3
AGATAGATCGGTCTAA-1	6
AGATAGATCTTTCGAT-1	1
AGATTCGAGTAATGTG-1	1
AGATTCGAGTCGAGCA-1	3
AGATTCGCAACTAGAA-1	1
AGATTCGGTCGCGCTA-1	3
AGATTCGTCACCCTTG-1	1
AGATTCGTCACTGATG-1	1
AGATTCGTCAGTCAAC-1	4
AGATTCGTCCAGGGAA-1	1
AGATTCGTCCAGGTAT-1	1
AGCCAGCCAAATTGAG-1	5
AGCCAGCCAACTCAAC-1	4
AGCCAGCCATCAGCTA-1	2
AGCCAGCCATTCACGA-1	3
AGCCAGCGTCAGAAAT-1	5
AGCCAGCGTGAGTTGG-1	3
AGCCAGCGTGCACATT-1	1
AGCCAGCGTGTTAGAA-1	1
AGCCAGCTCGAGAAGC-1	2
AGCCAGCTCTGGCTAA-1	4
AGCCCGAAGATGGGTC-1	3
AGCCCGAAGGTCTTTG-1	5
AGCCCGACAATTGTGC-1	5
AGCCCGACAGCTTACA-1	2
AGCCCGAGTGAATGGC-1	2
AGCCCGAGTGCTAGTT-1	1
AGCCCGAGTTCCAATG-1	4
AGCCCGATCGGAAAGC-1	3
AGCCGCAAGTTCGACT-1	3
AGCCGCACAAATTCCG-1	3
AGCCGCACAGGCAAGT-1	2
AGCCGCACAGGGTAAC-1	2
AGCCGCAGTCTTAGCA-1	2
AGCCGCATCAGGTTTG-1	1
AGCCGCATCGAACACT-1	3
AGCCGCATCGTCTAGA-1	2
AGCCGCATCTAAACGC-1	3
AGCCTCTAGAATGCTA-1	1
AGCCTCTAGTATGGGC-1	2
AGCCTCTCACCTCGTT-1	3
AGCCTCTCACGCTCAG-1	4
AGCCTCTGTAATGCCT-1	2
AGCCTCTGTTAAGTCC-1	1
AGCCTCTTCACTACCC-1	3
AGCCTCTTCCCGATTC-1	2
AGCCTCTTCGACTTAG-1	1
AGCCTGGAGCCCATGC-1	2
AGCCTGGCAATGGTAA-1	3
AGCCTGGCAGCAACGA-1	2
AGCCTGGCAGTGCGTC-1	3
AGCCTGGTCAGGAAGC-1	1
AGCCTGGTCATCGCAA-1	1
AGCCTGGTCGAGTTAC-1	2
AGCCTTCAGCCCATTA-1	2
AGCCTTCAGGGTATCG-1	2
AGCCTTCAGTAGAAGG-1	2
AGCCTTCCAATTCTCT-1	3
AGCCTTCCATTACCTT-1	6
AGCCTTCGTATTTGCG-1	3
AGCCTTCGTGCTGTGC-1	2
AGCCTTCGTGGACGAT-1	4
AGCCTTCTCGCATACA-1	3
AGCGATTAGAGCTCCC-1	3
AGCGATTCAGGATGTG-1	4
AGCGATTCATATACGC-1	3
AGCGATTCATCTCACC-1	4
AGCGATTGTATTCACG-1	3
AGCGATTGTCGAGAAC-1	2
AGCGATTTCACCACAA-1	3
AGCGATTTCAGGCGCT-1	3
AGCGATTTCCTATCAT-1	1
AGCGTATAGACTCGGA-1	1
AGCGTATAGAGCACTG-1	2
AGCGTATAGGAAGAAC-1	3
AGCGTATAGGCGTCCT-1	1
AGCGTATGTACGGAGT-1	3
AGCGTATGTAGTCTGT-1	3
AGCGTATGTATCTAGC-1	1
AGCGTATGTGTGCTTA-1	2
AGCGTATTCGGATCGC-1	3
AGCGTATTCTATCTTG-1	1
AGCGTGCAGAAATACC-1	3
AGCGTGCCACCTCGTT-1	1
AGCGTGCCATGGGAAC-1	3
AGCGTGCCATGGTATC-1	1
AGCGTGCGTCCGTGCA-1	1
AGCGTGCGTTTGATCG-1	1
AGCGTGCTCCAGAGAG-1	3
AGCGTGCTCCGATTGA-1	2
AGCGTGCTCGAGGTAG-1	1
AGCGTGCTCGAGTGTT-1	2
AGCGTGCTCGGCATAT-1	1
AGCTATGAGGTACATA-1	3
AGCTATGAGTTACACC-1	1
AGCTATGCAATGGCAG-1	3
AGCTATGCAGGCAGAT-1	1
AGCTATGCAGGGCTTC-1	2
AGCTATGGTGCGCTCA-1	4
AGCTATGGTTCAGAAA-1	5
AGCTATGTCCCTACGT-1	3
AGCTGATAGCTATCCA-1	2
AGCTGATAGGCGACTA-1	1
AGCTGATAGGGCTCTC-1	5
AGCTGATAGTACGCGA-1	6
AGCTGATCAAATGCTC-1	1
AGCTGATCAACGACAG-1	1
AGCTGATCAAGGACCA-1	2
AGCTGATCACATGATC-1	2
AGCTGATCATCTCACC-1	2
AGCTGATTCGCCTTAC-1	5
AGCTGATTCTGGCCAG-1	1
AGCTGGCAGAACTAAC-1	4
AGCTGGCAGAGCCACA-1	3
AGCTGGCAGATAGGTT-1	2
AGCTGGCAGTACCCAT-1	6
AGCTGGCCAAATTGAG-1	2
AGCTGGCCAGCCACGT-1	1
AGCTGGCCAGGTGGTA-1	1
AGCTGGCCATCCCGGA-1	5
AGCTGGCGTGGGTAGT-1	5
AGCTGGCGTTCATTTC-1	1
AGCTGGCTCCATTGAG-1	3
AGCTGGCTCTTCGTTA-1	4
AGCTGTAAGATGGCAC-1	3
AGCTGTAAGGAGAACA-1	2
AGCTGTAAGGATGCCA-1	3
AGCTGTAAGTCGAAAT-1	5
AGCTGTACACGCGATC-1	1
AGCTGTACATATACGC-1	1
AGCTGTACATTTGTTC-1	2
AGCTGTATCAACTTGG-1	5
AGCTGTATCCACGCTT-1	1
AGGACGAAGAGGTGGG-1	5
AGGACGAAGGAGAACA-1	1
AGGACGAAGGCTAAAT-1	4
AGGACGAAGTCAACTC-1	2
AGGACGAAGTGTAATG-1	1
AGGACGACAGAGCCAA-1	3
AGGACGAGTGCATTGT-1	1
AGGACGATCGGCATAT-1	2
AGGCCCAAGAGGAAGT-1	1
AGGCCCAAGCGCAATG-1	2
AGGCCCAAGGGACGTT-1	5
AGGCCCAAGTAGGTCG-1	1
AGGCCCAAGTGTAATG-1	3
AGGCCCAAGTTACACC-1	1
AGGCCCACAATAGTGA-1	4
AGGCCCACAATGTGTC-1	2
AGGCCCAGTAGTGATA-1	3
AGGCCCAGTTAGTAGA-1	3
AGGCCTGAGAGAACCC-1	1
AGGCCTGCAAGGGTAC-1	4
AGGCCTGCACAGTTCA-1	1
AGGCCTGCAGCAAACG-1	3
AGGCCTGCAGGTCTGC-1	5
AGGCCTGGTAGCGTTT-1	5
AGGCGAAAGATGAGGA-1	3
AGGCGAAAGGCTTCGC-1	1
AGGCGAAAGTCCAGAG-1	2
AGGCGAACAGCAACGA-1	3
AGGCGAAGTGTGACCC-1	5
AGGCGAAGTTCCAATG-1	1
AGGCGAATCACAACAC-1	3
AGGCGAATCCAGGGAA-1	5
AGGCGAATCTCTGACC-1	3
AGGCGAATCTTGCGCT-1	5
AGGCGTCAGACGCCCT-1	1
AGGCGTCCAAGACTAA-1	2
AGGCGTCGTCAGACGA-1	2
AGGCGTCGTCTGATTG-1	1
AGGCGTCGTTTGTGAC-1	3
AGGCGTCTCCGTCAAA-1	1
AGGCGTCTCTCTTAAC-1	2
AGTCAACAGACAGCTG-1	3
AGTCAACAGTCGACCC-1	2
AGTCAACCAAGCACTT-1	2
AGTCAACCAATAGCGG-1	2
AGTCAACCACTCCCAT-1	2
AGTCAACGTACGGATG-1	2
AGTCAACGTGGGTAGT-1	2
AGTCAACTCCATGACA-1	1
AGTCAACTCGTGAGTT-1	1
AGTCAACTCTCTGCAC-1	1
AGTCCGGAGTCAGCCC-1	3
AGTCCGGAGTGCAACG-1	1
AGTCCGGCAAGGGTAC-1	3
AGTCCGGCACCTATTT-1	2
AGTCCGGCACTCCTCA-1	3
AGTCCGGCATTACCTT-1	1
AGTCCGGCATTTCACT-1	1
AGTCCGGGTCCAACCG-1	4
AGTCCGGGTGGTAAGC-1	1
AGTCCGGTCGCACAAT-1	2
AGTCCGGTCGGAAAGC-1	1
AGTGCCGAGTTGAATG-1	2
AGTGCCGCAAGCTTTG-1	3
AGTGCCGCAAGGAAGA-1	6
AGTGCCGCAGCGTACC-1	1
AGTGCCGCAGGTGTGA-1	3
AGTGCCGGTAGTGATA-1	3
AGTGCCGGTCCAACCG-1	1
AGTGCCGGTCTGTCCT-1	2
AGTGCCGGTCTTAGCA-1	5
AGTGCCGTCGGTCTAA-1	3
AGTGCCGTCTTGCGCT-1	2
AGTGCGCAGTGTCACT-1	2
AGTGCGCCACAGAAGC-1	4
AGTGCGCGTAACCGAG-1	2
AGTGCGCGTAGGTGAC-1	2
AGTGCGCTCAGTGTGT-1	1
AGTGCGCTCGCGTTCT-1	2
AGTGCGCTCTCATATC-1	3
AGTGCGCTCTGAGTCA-1	1
AGTGCGCTCTTATCAC-1	4
AGTGTACAGGGAAGCG-1	1
AGTGTACAGGGTATCG-1	3
AGTGTACCAAAGCTGG-1	3
AGTGTACCAAGAAACT-1	4
AGTGTACCATGCTATG-1	1
AGTGTACCATTACTTC-1	3
AGTGTACCATTATGGC-1	3
AGTGTACGTATTCTGG-1	3
AGTGTACGTGAGGGTT-1	1
AGTGTACGTGCGACCT-1	4
AGTTACGAGATTGACA-1	4
AGTTACGAGCAGGAGG-1	1
AGTTACGCAGTGCGAA-1	4
AGTTACGCAGTGCTCG-1	3
AGTTACGCATGCTATG-1	2
AGTTACGGTCATGAGG-1	1
AGTTACGGTGATCAGG-1	1
AGTTACGGTGATGCGA-1	2
AGTTTGGAGGCTCAGA-1	4
AGTTTGGCACTGTAAC-1	2
AGTTTGGCATCATCGA-1	2
AGTTTGGCATCCTGGG-1	3
AGTTTGGCATCGCTAA-1	1
AGTTTGGCATGGGAAC-1	3
AGTTTGGGTAGAGAGA-1	4
AGTTTGGGTATGGTTC-1	2
AGTTTGGGTGATAACA-1	1
AGTTTGGGTTTCGACA-1	1
AGTTTGGTCCCTAAAG-1	2
ATAGGCTAGCAGGACT-1	1
ATAGGCTAGGGTATCG-1	5
ATAGGCTAGTTCCCGG-1	2
ATAGGCTGTGCAAGCA-1	3
ATAGGCTGTTTGTAGC-1	2
ATAGTCGAGCAACTGG-1	4
ATAGTCGAGGTTGTGG-1	2
ATAGTCGCAACTGCGC-1	1
ATAGTCGCAAGGATGC-1	2
ATAGTCGCACGACGAA-1	2
ATAGTCGGTAAGTGCG-1	3
ATATTCCAGAGCGGTT-1	3
ATATTCCAGAGGTGGG-1	1
ATATTCCCAATGGTAA-1	2
ATATTCCCACTCCCAT-1	4
ATATTCCGTGTGCGTC-1	2
ATATTCCGTTTCGATG-1	4
ATATTCCTCAAATGGA-1	2
ATATTCCTCACAGGGA-1	1
ATATTCCTCAGGTCTA-1	4
ATATTCCTCCTCCAGT-1	3
ATATTCCTCCTGTAGA-1	2
ATATTCCTCGCTACCT-1	5
ATATTCCTCGGGTCCA-1	3
ATCCAGAAGAAAGGGT-1	3
ATCCAGAAGCTCCGGT-1	2
ATCCAGAAGGAAGAAC-1	4
ATCCAGAAGTACGACG-1	3
ATCCAGAAGTAGTTCC-1	1
ATCCAGAAGTGAGCAC-1	5
ATCCAGACAAGAGATT-1	1
ATCCAGACAATGAAAC-1	3
ATCCAGACATAGCAGG-1	2
ATCCAGACATCAGCTA-1	4
ATCCAGATCCAACCTC-1	2
ATCCAGATCCGTTAGA-1	2
ATCCAGATCGCAAACT-1	1
ATCCAGATCTCGTAGA-1	4
ATCCCTGAGGCTGGAT-1	3
ATCCCTGCATGGAGGT-1	1
ATCCCTGCATGGCCTG-1	2
ATCCCTGCATGTGGGA-1	5
ATCCCTGGTCACATTG-1	2
ATCCCTGGTCCGGTAC-1	3
ATCCCTGTCTTGGCCT-1	3
ATCCTCGAGAGGTACC-1	3
ATCCTCGAGAGGTCCA-1	2
ATCCTCGAGCGTATCT-1	3
ATCCTCGAGGGTAATT-1	6
ATCCTCGCACACATGT-1	1
ATCCTCGCAGGTAACG-1	3
ATCCTGCAGGCATGCA-1	1
ATCCTGCAGTTATGAG-1	3
ATCCTGCCAAACCTAC-1	4
ATCCTGCCATCAGAAA-1	2
ATCCTGCGTGAGGTCA-1	5
ATCCTGCGTGCTTTGA-1	3
ATCCTGCGTGGAGTGT-1	4
ATCCTGCTCCACTAGA-1	2
ATCCTGCTCCGTACGG-1	4
ATCCTGCTCTGTGTCC-1	3
ATCGAGTAGAACGCCA-1	1
ATCGAGTAGCTATCCA-1	3
ATCGAGTAGGAAGAAC-1	1
ATCGAGTAGTACGCGA-1	2
ATCGAGTCATTGATGC-1	4
ATCGAGTGTTAGCTCA-1	2
ATCGAGTTCCAGAGAG-1	5
ATCGAGTTCTACCCGT-1	4
ATGCATGAGGATATCA-1	1
ATGCATGAGGTACATA-1	1
ATGCATGAGTCTGTGT-1	3
ATGCATGAGTGTTCCA-1	3
ATGCATGCACCACAGC-1	3
ATGCATGGTATGGATA-1	1
ATGCATGGTCCTTATT-1	5
ATGCATGGTGAGGGTT-1	1
ATGCATGGTGTCCAGC-1	1
ATGCATGTCAGGAATA-1	2
ATGCATGTCCCGGGTA-1	2
ATGCATGTCTGACATG-1	2
ATGCATGTCTGGTACA-1	4
ATGCATGTCTTCCAGC-1	2
ATGGATCAGACGTCAG-1	2
ATGGATCAGATCGAGC-1	3
ATGGATCAGCGCAATG-1	1
ATGGATCAGTGTAATG-1	1
ATGGATCCATGGCCGT-1	1
ATGGATCGTCAACGGA-1	2
ATGGATCGTCTGAGCC-1	2
ATGGATCTCTGTCGTC-1	1
ATGTACGAGGCGTAGT-1	1
ATGTACGAGTTATGAG-1	2
ATGTACGCAAGACACG-1	3
ATGTACGCAGAGTCGA-1	1
ATGTACGGTACGGAGT-1	3
ATGTACGGTGCTTGAT-1	4
ATGTACGGTTTCTACT-1	5
ATGTACGTCCACACCT-1	2
ATGTACGTCGCAAACT-1	1
ATGTACGTCGGCATAT-1	1
ATGTCGAAGGTACACG-1	3
ATGTCGACAAACAGTA-1	4
ATGTCGACAGCTATAC-1	1
ATGTCGACAGGGTACA-1	1
ATGTCGACATGGCCTG-1	2
ATGTCGACATTGCCTC-1	2
ATGTCGAGTCACAGTT-1	1
ATGTCGAGTCTGGTTA-1	5
ATGTCGAGTTGGTAAA-1	3
ATGTCGAGTTTCCACC-1	1
ATGTCGATCCTCCATG-1	6
ATGTCGATCGCCGAAC-1	1
ATGTCGATCGTGGAAG-1	4
ATGTCTTAGGAAGACA-1	4
ATGTCTTCAGCGTAGA-1	1
ATGTCTTGTGTTGGTT-1	1
ATGTTTCAGCAGAGCT-1	2
ATGTTTCAGTGATATG-1	2
ATGTTTCCAAGTGGCA-1	2
ATGTTTCCATCCGTAA-1	3
ATGTTTCCATCCTGGG-1	2
ATGTTTCCATCTCACC-1	4
ATGTTTCGTACAACGG-1	3
ATGTTTCGTGTCGTCG-1	2
ATGTTTCTCAGTCACA-1	3
ATGTTTCTCGATGAAA-1	3
ATGTTTCTCTTACCTA-1	1
ATTACCTCAATACTGC-1	5
ATTACCTCAGTAAGAT-1	2
ATTACCTCATGCGTTA-1	4
ATTACCTGTCAGGTGA-1	2
ATTACCTGTCATTGGT-1	1
ATTACCTGTCTCTGCT-1	5
ATTACCTGTGTAGGAC-1	1
ATTACCTTCATGTTCT-1	2
ATTACCTTCTTATCAC-1	1
ATTACTCAGCGTGTTT-1	3
ATTACTCAGGTCTTGT-1	5
ATTACTCAGTCGATAA-1	3
ATTACTCCACAGTTCA-1	2
ATTACTCGTAGCAGGT-1	5
ATTACTCTCCATCGAA-1	1
ATTCGTTAGACGAAAG-1	2
ATTCGTTCAAATTCCG-1	2
ATTCGTTCAGCTATAC-1	3
ATTCGTTCAGGACCTC-1	5
ATTCGTTCATTAACGC-1	4
ATTCGTTTCCGCTATC-1	3
ATTGTCTAGCACCATT-1	4
ATTGTCTAGCTCCGGT-1	3
ATTGTCTCAAAGAGAG-1	5
ATTGTCTCAACGCACC-1	3
ATTGTCTCAGGACTGA-1	3
ATTGTCTCAGTCCTGG-1	1
ATTGTCTCATAGATAG-1	4
ATTGTCTGTAACCCAT-1	3
ATTGTCTGTATCGCGC-1	2
ATTGTCTTCGGTTCCT-1	4
ATTGTGGAGGTGATGC-1	1
ATTGTGGAGTACAGTA-1	3
ATTGTGGAGTGAATAC-1	1
ATTGTGGAGTGTCACT-1	2
ATTGTGGCAACATAAG-1	5
ATTGTGGCACCTGGTG-1	1
ATTGTGGGTACAACGG-1	1
ATTGTGGGTCAACTGT-1	1
ATTGTGGGTCTGCGCA-1	1
ATTGTGGGTGGACAGT-1	5
ATTGTGGGTGTCTCGG-1	2
ATTGTGGTCCACCTAC-1	3
ATTGTGGTCGCATAAC-1	3
ATTGTGGTCGGGAAAC-1	3
ATTTGTCAGAACCCGA-1	1
ATTTGTCAGAACGTCG-1	2
ATTTGTCAGATGCGCA-1	1
ATTTGTCAGCAATAAC-1	1
ATTTGTCAGCTAACAA-1	3
ATTTGTCAGGCAAGCT-1	1
ATTTGTCAGGTACATA-1	2
ATTTGTCCAATGTGTC-1	2
ATTTGTCCATTCACGA-1	2
ATTTGTCTCCGTGCAG-1	3
CAAAGCTAGGGAGATA-1	4
CAAAGCTCAAATTCCG-1	3
CAAAGCTCAAGTAATG-1	1
CAAAGCTCACAAGTGG-1	2
CAAAGCTGTCACAGTT-1	2
CAAAGCTGTGATGCGA-1	2
CAAAGCTGTTAGCTCA-1	1
CAAAGCTGTTGCCGCA-1	2
CAAAGCTGTTGGACGA-1	1
CAAAGCTTCTAGCAAC-1	4
CAACCAAAGGATGTAT-1	2
CAACCAACAGCGTCGT-1	3
CAACCAACAGGACCTC-1	3
CAACCAAGTACGACCC-1	1
CAACCAAGTATCTGCA-1	1
CAACCAATCACTCGGG-1	2
CAACCAATCCGGAAAG-1	3
CAACCAATCGATGAAA-1	5
CAACCAATCTACTGCC-1	1
CAACGGCAGCATTGGG-1	3
CAACGGCAGCTGCTCG-1	1
CAACGGCCACGATATC-1	2
CAACGGCCATTCACGA-1	4
CAACGGCGTACATGGG-1	1
CAACGGCTCCAGAGAG-1	3
CAACGTAAGTACAGAT-1	3
CAACGTAAGTCTAGAA-1	5
CAACGTACAGGCATCC-1	1
CAACGTAGTCACATTG-1	1
CAACGTAGTCTCGGGT-1	3
CAACGTAGTTCCCAAA-1	5
CAACGTAGTTTGACCA-1	1
CAACGTATCATCATGG-1	5
CAACGTATCATCGCCT-1	3
CAACGTATCATGCTTT-1	1
CAACGTATCGCAAACT-1	1
CAAGAAAAGACGCCCT-1	1
CAAGAAAAGATGTTGA-1	2
CAAGAAAGTATTCGCA-1	2
CAAGAAAGTGTGAGGT-1	4
CAAGAAATCTACCCGT-1	2
CAAGAAATCTATACCT-1	3
CAAGCTAAGAAAGGGT-1	4
CAAGCTAAGGGCGAAG-1	2
CAAGCTACAATTCAGC-1	3
CAAGCTACATAGCAGG-1	4
CAAGCTAGTTTCCACC-1	3
CAAGCTATCAAGAGAT-1	3
CAAGCTATCTATTTCG-1	5
CAAGCTATCTCTATCA-1	1
CAAGGCCAGAATCAAC-1	1
CAAGGCCAGATACCAA-1	3
CAAGGCCAGCTAACAA-1	3
CAAGGCCAGTCATCTG-1	3
CAAGGCCCACTGTAAC-1	2
CAAGGCCCAGATAAGT-1	5
CAAGGCCCATGTATCG-1	1
CAAGGCCGTAGACGCA-1	1
CAAGGCCTCACCGCGA-1	3
CAAGGCCTCGCCACTT-1	4
CAATCCCAGCCTCGCA-1	4
CAATCCCAGTAGAAGG-1	5
CAATCCCAGTATAGTG-1	2
CAATCCCCAAATAGTG-1	1
CAATCCCCAACTACTG-1	5
CAATCCCCAATTAGGA-1	1
CAATCCCCACGAACGA-1	1
CAATCCCGTGTGCTTA-1	1
CAATCCCGTTTCTTAC-1	1
CAATCCCTCCTATCAT-1	2
CAATCCCTCGCCAGAC-1	4
CAATCCCTCGTGGCGT-1	3
CACAACAAGTCGCCTG-1	3
CACAACAAGTTTGGAA-1	3
CACAACAGTAAGGTCG-1	3
CACAACAGTAATGTAG-1	1
CACAACAGTCGCTACG-1	4
CACAACAGTCGTAATC-1	1
CACAACAGTGTTGGTT-1	2
CACAACAGTTCAGAAA-1	2
CACAACATCCAGAGAG-1	4
CACAACATCCATCGAA-1	2
CACAACATCCGAATTG-1	1
CACAACATCGGTCTAA-1	1
CACAACATCTTGGCCT-1	5
CACAGATAGCTTACCA-1	4
CACAGATAGTCCTTCC-1	1
CACAGATAGTCGAAAT-1	4
CACAGATCAATCACTG-1	3
CACAGATCATCGCCTT-1	2
CACAGATGTCCCTAAA-1	1
CACAGATGTTGTGAGG-1	4
CACAGATGTTTCGATG-1	1
CACAGATTCATTCTTG-1	5
CACAGATTCGTCTTAT-1	1
CACATGAAGAAGGGCG-1	4
CACATGAAGTTCCCGG-1	1
CACATGACAAACCTAC-1	5
CACATGACAAGTCTGT-1	1
CACATGACACGTACAT-1	1
CACATGAGTCATCGTA-1	3
CACATGAGTCTGCGCA-1	3
CACATGAGTGTCGTCG-1	3
CACATGATCCATGTTT-1	2
CACATGATCCGAGAGA-1	2
CACATGATCGGTTGTA-1	2
CACATGATCTATCTTG-1	5
CACATGATCTTAGTGG-1	5
CACCACTAGGGTAGTC-1	1
CACCACTAGTCTCGAT-1	2
CACCACTCAGTTACAC-1	2
CACCACTGTAACTGAA-1	1
CACCACTTCCCGTAGG-1	3
CACCACTTCGATGTGT-1	5
CACCACTTCTGAAAGA-1	4
CACCTGTAGACGCCCT-1	2
CACCTGTAGGATTAAC-1	1
CACCTGTAGGTGATGC-1	5
CACCTGTGTAGCTGTT-1	3
CACCTGTGTGGACGAT-1	3
CACCTGTGTGGTAGAC-1	4
CACCTGTGTGTACGCC-1	5
CACCTGTTCTTACTCA-1	3
CACCTTGAGACCCATT-1	1
CACCTTGAGCAACGGT-1	1
CACCTTGAGCGTCAAG-1	1
CACCTTGCAATGTAAG-1	5
CACCTTGCAGCCACGT-1	1
CACCTTGCAGTGGTCC-1	1
CACCTTGCATCATAGC-1	2
CACCTTGCATCCCTCA-1	1
CACCTTGGTAACGGCA-1	1
CACCTTGGTTTAAGCC-1	3
CACCTTGGTTTGTGAC-1	2
CACCTTGTCCAGCACG-1	4
CACCTTGTCCCTACGT-1	1
CACGTTCAGCGGACAT-1	1
CACGTTCCAAGGCGTA-1	1
CACGTTCCAGTGCGTC-1	1
CACGTTCTCGTTACAG-1	3
CACGTTCTCTATTTCG-1	2
CACGTTCTCTCCCTTT-1	2
CACGTTCTCTCGCGGA-1	2
CACTAAGCACCGTCTT-1	3
CACTAAGCACTCCCAT-1	1
CACTAAGCATGATTGC-1	3
CACTAAGCATGGGACA-1	6
CACTAAGGTAAGCCGA-1	5
CACTAAGGTATATGGA-1	1
CACTAAGGTGTGAGGT-1	3
CACTAAGTCGCCAGAC-1	3
CACTAAGTCGGTTCCT-1	5
CACTGAAAGAATGCTA-1	3
CACTGAAAGCGTCAAG-1	2
CACTGAAAGTATCTGC-1	3
CACTGAACACAACGGA-1	2
CACTGAACATGATCGT-1	1
CACTGAATCCAATAGC-1	1
CACTGAATCCAGAGAG-1	3
CACTGAATCGCAACTA-1	1
CACTGAATCTATATCC-1	1
CACTGAATCTGAGTCA-1	2
CAGCCTTAGCCATGGA-1	1
CAGCCTTAGTATACCC-1	4
CAGCCTTAGTGAATAC-1	3
CAGCCTTCAATGACTC-1	1
CAGCCTTCAGACTAAA-1	3
CAGCCTTGTAAGTGCG-1	4
CAGCCTTGTGGAGTGT-1	1
CAGCCTTTCATGAACC-1	4
CAGCCTTTCTTACGGA-1	4
CAGCTAAAGCTCCATA-1	1
CAGCTAAAGTAACTCC-1	1
CAGCTAAAGTGCACAG-1	1
CAGCTAACACTGTTAG-1	3
CAGCTAACATTGTGAC-1	2
CAGCTAAGTATTGTCG-1	3
CAGCTAATCCCGTAGG-1	3
CAGCTAATCGCGTTCT-1	2
CAGCTAATCGGATCGC-1	3
CAGCTGGAGAGAATTC-1	2
CAGCTGGCAACAACTC-1	5
CAGCTGGCAACATAAG-1	2
CAGCTGGCACGGTGTC-1	4
CAGCTGGCACTCAGCG-1	4
CAGCTGGGTCACAGTT-1	2
CAGCTGGGTCATGAGG-1	2
CAGCTGGGTTGCTTGA-1	4
CAGCTGGGTTTCGACA-1	3
CAGCTGGTCAGCCGGT-1	4
CAGCTGGTCCAAGAGG-1	6
CAGCTGGTCTCGCGGA-1	2
CAGGATTAGAATGCTA-1	2
CAGGATTAGGCGATTG-1	4
CAGGATTAGTAACATG-1	1
CAGGATTAGTCAGGAC-1	1
CAGGATTCAAACAGTA-1	2
CAGGATTCAAACGTTC-1	2
CAGGATTCAAGAGCGT-1	1
CAGGATTCAGCAAACG-1	1
CAGGATTCAGTGGTCC-1	3
CAGGATTGTATTTGCG-1	3
CAGGATTGTGAGCTAG-1	1
CAGGATTGTGAGGGTT-1	5
CAGGATTGTGCGCTCA-1	3
CAGGATTGTGTGAGGT-1	1
CAGGATTGTTACCCAA-1	3
CAGGATTGTTAGGAGC-1	2
CAGGATTTCGTCAACA-1	1
CAGGGCTAGAGGAACA-1	1
CAGGGCTAGCTGAATA-1	3
CAGGGCTCAACGGACA-1	2
CAGGGCTCAATCATCG-1	5
CAGGGCTCACAAGGGT-1	4
CAGGGCTCATATAGAG-1	2
CAGGGCTGTCAAATCC-1	5
CAGGGCTGTGCAGACA-1	3
CAGGGCTGTGGCCTTG-1	1
CAGTATGCAATCAGGG-1	3
CAGTATGCATTCTCGC-1	2
CAGTATGTCGCGCCAA-1	5
CAGTATGTCGCTATAG-1	5
CAGTATGTCTGGTACA-1	1
CAGTGCGAGATCTAAG-1	5
CAGTGCGAGCTAACAA-1	5
CAGTGCGAGTCCTTCC-1	1
CAGTGCGAGTCTGTGT-1	5
CAGTGCGCACAGAAGC-1	5
CAGTGCGCACCTGTGG-1	3
CAGTGCGGTACGTAGG-1	4
CAGTGCGGTAGGTGAC-1	1
CAGTGCGGTAGTATCC-1	2
CAGTGCGGTGTGCGTC-1	1
CAGTGCGGTGTGTGCC-1	1
CAGTGCGGTTTCGTTT-1	4
CAGTGCGTCGATGTAC-1	1
CAGTGTAGTAAGCCGA-1	3
CAGTGTAGTCATTGGT-1	2
CAGTGTAGTGGCGCTT-1	1
CAGTGTATCTCTATCA-1	3
CATAACGAGAAGCCGT-1	4
CATAACGAGACACTTC-1	4
CATAACGAGCACCATT-1	5
CATAACGAGCATTCCA-1	3
CATAACGAGGAGGCGA-1	3
CATAACGAGGGCTCTC-1	1
CATAACGAGGTAAGTT-1	1
CATAACGAGTCTGCTA-1	4
CATAACGAGTGGTGTG-1	4
CATAACGCACCTATTT-1	1
CATAACGCATCATGTG-1	3
CATAACGGTGGATTCT-1	2
CATAACGGTGGGTAGT-1	1
CATAACGTCCGTGCAG-1	1
CATAACGTCGCTCGGA-1	4
CATAACGTCGCTTGAA-1	1
CATAACGTCTTTATCG-1	4
CATGCCTAGAATCAGT-1	3
CATGCCTAGCGAGAAA-1	3
CATGCCTAGGGTAGTC-1	3
CATGCCTCAGCAAACG-1	1
CATGCCTCAGGCATCC-1	2
CATGCCTGTATGGATA-1	4
CATGCCTGTCACATTG-1	5
CATGCCTGTGGTGGTA-1	1
CATGCCTGTTGTCGGC-1	1
CATGCCTTCATTCTTG-1	3
CATGCCTTCGTCCCTA-1	5
CATGTTTAGAGCCTGA-1	2
CATGTTTAGGTCTTTG-1	1
CATGTTTCAAAGGAAG-1	4
CATGTTTCAAGACTAA-1	3
CATGTTTCATCCCTCA-1	4
CATGTTTCATTGATGC-1	2
CATGTTTGTGCGTGTC-1	2
CATGTTTTCTTAAGCG-1	1
CATTCATAGCGTAGCA-1	1
CATTCATAGCTTTCCC-1	5
CATTCATAGGTTTCTG-1	2
CATTCATCAACATAAG-1	3
CATTCATCATGGTTTG-1	4
CATTCATTCGCTTACC-1	2
CATTCATTCTCTTCCT-1	2
CATTCCGAGGGAAGCG-1	2
CATTCCGAGTGATTAG-1	2
CATTCCGCACAGAAGC-1	3
CATTCCGGTCAACTGT-1	3
CATTCCGGTGGCATAG-1	5
CATTCCGGTTAGAGAT-1	3
CATTCCGTCCATCTAT-1	1
CATTCCGTCCATGTTT-1	1
CATTGGAAGACCCTAT-1	3
CATTGGAAGATAGGTT-1	2
CATTGGAAGGAACCGT-1	1
CATTGGAAGGCTTAAA-1	2
CATTGGAAGTCCTTCC-1	2
CATTGGACATTACCTT-1	5
CATTGGAGTAGACACG-1	1
CATTGGAGTTCTTTCA-1	2
CATTGGATCAGGCGCT-1	2
CATTGGATCCTCCTGA-1	2
CCAATGAAGAAGACTT-1	1
CCAATGAAGGCAAGGG-1	3
CCAATGAAGTCTCGAT-1	3
CCAATGACAAACCGAG-1	3
CCAATGACAATCCATG-1	3
CCAATGACAGCGTCGT-1	1
CCAATGACATGCACTA-1	3
CCAATGACATGTAGAA-1	2
CCAATGATCCAGGTCG-1	2
CCAATGATCGAGTTAC-1	3
CCACAGGAGAGAATTC-1	3
CCACAGGAGATGAGGA-1	1
CCACAGGAGGCAAGCT-1	1
CCACAGGAGTCCTTCC-1	3
CCACAGGAGTCTCTAG-1	3
CCACAGGCATCACAGT-1	2
CCACAGGGTGTTAGAA-1	1
CCACAGGTCACTAGCA-1	1
CCACAGGTCGAGGTCC-1	5
CCACAGGTCTCTTAAC-1	2
CCACAGGTCTGAAAGA-1	1
CCACGTTAGTGAGCTG-1	5
CCACGTTAGTTGCCGC-1	5
CCACGTTCATCCTGGG-1	5
CCACGTTTCGCTATAG-1	3
CCAGAATAGACGCCCT-1	2
CCAGAATAGCCCATGC-1	2
CCAGAATAGCCTTTGA-1	4
CCAGAATCACTGTCGG-1	5
CCAGAATCAGAACTTC-1	2
CCAGAATCAGTTGGAG-1	1
CCAGAATTCAGTTGAC-1	3
CCAGAATTCGGTACTA-1	2
CCAGATAAGAGTGGTC-1	1
CCAGATACAAACTACC-1	3
CCAGATACAAGGTTCT-1	1
CCAGATACAATTCGTG-1	4
CCAGATACACAAGTGG-1	1
CCAGATACAGCTTACA-1	5
CCAGATAGTCCGTGCA-1	3
CCAGATAGTGAAACAT-1	1
CCAGATAGTGAGGTCA-1	1
CCAGATAGTGCGTTTA-1	2
CCAGATAGTTAAGGGC-1	1
CCAGATATCCATAGGT-1	1
CCAGATATCCGGCTGA-1	2
CCATACCAGAGTCCGA-1	2
CCATACCAGGTTCGTT-1	3
CCATACCCAATGTGCT-1	2
CCATACCGTAGAAAGG-1	4
CCATACCGTAGTCTGT-1	2
CCATACCTCTATTTCG-1	1
CCATACCTCTTCATAC-1	4
CCCACATAGAGGCAGG-1	3
CCCACATAGATTCCGT-1	2
CCCACATAGTACTCTG-1	3
CCCACATAGTAGCAAT-1	2
CCCACATCACAAACGG-1	1
CCCACATCACTCAGCG-1	3
CCCACATGTGAGTAAT-1	2
CCCACATGTGCGACCT-1	2
CCCACATGTTGGCTTA-1	1
CCCACATTCCAAGTCA-1	3
CCCAGAGCAAATTGAG-1	3
CCCAGAGGTAGACGCA-1	2
CCCAGAGGTCTAACCA-1	3
CCCAGAGTCTTCCACG-1	2
CCCAGAGTCTTGTGCC-1	1
CCCGTTAAGACAGTGC-1	2
CCCGTTAAGCAATGTA-1	1
CCCGTTAAGCGAATAT-1	1
CCCGTTAAGTACCTCA-1	3
CCCGTTACACAGCCAC-1	1
CCCGTTAGTCTCTAAG-1	1
CCCGTTAGTCTGTCCT-1	2
CCCGTTAGTTCCAGTA-1	2
CCCGTTATCCTGTAGA-1	5
CCCGTTATCGTATAGC-1	2
CCCTAACCAATGGCTT-1	1
CCCTAACCATACTGCA-1	1
CCCTAACCATTGCGAT-1	2
CCCTAACGTGTCCCAG-1	2
CCCTAACGTTCCAGTA-1	2
CCCTAACTCGAGAAGC-1	4
CCCTAACTCGATGTGT-1	2
CCCTAGTAGGCCTCTG-1	3
CCCTAGTCACGCGCAT-1	5
CCCTAGTCATCCCAAA-1	2
CCCTAGTGTATTCACG-1	3
CCCTAGTGTGAATACA-1	1
CCCTAGTTCACACGTA-1	1
CCCTAGTTCCTTTGAT-1	3
CCCTAGTTCGGATAAA-1	2
CCCTCTCAGTCGGGAT-1	2
CCCTCTCCAATGCCAT-1	4
CCCTCTCCATGGTATC-1	3
CCCTCTCGTAATGCCT-1	3
CCCTCTCTCCACGAGC-1	5
CCCTGATAGAACGTCG-1	2
CCCTGATAGACTCTTG-1	2
CCCTGATAGAGTAAGG-1	4
CCCTGATAGATCGATA-1	2
CCCTGATAGGTAAGCC-1	1
CCCTGATAGTACAGAT-1	4
CCCTGATAGTTACACC-1	2
CCCTGATAGTTATGAG-1	3
CCCTGATGTGCCCGAT-1	1
CCCTGATTCCTTGACC-1	2
CCCTGATTCGATGTGT-1	1
CCCTGATTCTCTGACC-1	3
CCGAAGCAGACCCTAT-1	3
CCGAAGCAGATGGGTC-1	3
CCGAAGCCAAGTAATG-1	1
CCGAAGCCACTGTCAA-1	2
CCGAAGCCAGAGAGAA-1	1
CCGAAGCGTATACGCT-1	1
CCGAAGCGTGATAAGT-1	1
CCGAAGCTCAAGGCAG-1	3
CCGAAGCTCAGTACAC-1	5
CCGAAGCTCCATAACG-1	2
CCGAAGCTCCCTAAAG-1	1
CCGAAGCTCGCACAAT-1	1
CCGAAGCTCTCATCCG-1	1
CCGCATTAGCACCATT-1	3
CCGCATTAGCTGATTC-1	4
CCGCATTAGGCACTAG-1	3
CCGCATTAGTATGGGC-1	2
CCGCATTAGTTCCCGG-1	5
CCGCATTCACTAAACC-1	4
CCGCATTGTGCCCGAT-1	3
CCGCATTTCGAAGCCC-1	4
CCGCATTTCGCACCTT-1	4
CCGCATTTCTCTTCCT-1	4
CCGCATTTCTGAACGT-1	5
CCGTACTAGAAGGGCG-1	2
CCGTACTAGACTAGCG-1	3
CCGTACTAGCCCATGC-1	3
CCGTACTAGCGTCTGC-1	4
CCGTACTAGGCAGTGT-1	3
CCGTACTAGTACTCTG-1	1
CCGTACTCACAAGGGT-1	1
CCGTACTGTAAGGTCG-1	5
CCGTACTTCCCGATTC-1	3
CCGTACTTCTGACATG-1	1
CCGTAGGCAAACAGTA-1	6
CCGTAGGCACATTCTT-1	2
CCGTAGGCATCAGAAA-1	6
CCGTAGGCATTTCTTG-1	2
CCGTAGGGTCACCCGA-1	5
CCGTAGGGTGTGCTTA-1	2
CCGTAGGGTTTGTACG-1	2
CCGTAGGTCAAAGTAG-1	2
CCGTAGGTCCATATCT-1	2
CCGTAGGTCGTCAACA-1	1
CCGTGAGAGTCAGGAC-1	2
CCGTGAGCAAGAAACT-1	1
CCGTGAGCATCGCCTT-1	4
CCGTGAGCATGACTGT-1	4
CCGTGAGTCACACGTA-1	1
CCGTGAGTCGTTGTAG-1	3
CCTAAAGAGACTTGAA-1	2
CCTAAAGAGAGCAGCT-1	2
CCTAAAGAGCATTCCA-1	1
CCTAAAGCAACGGGTA-1	4
CCTAAAGCAGGTTATC-1	4
CCTAAAGCATAGATAG-1	3
CCTAAAGCATTGCCTC-1	1
CCTAAAGGTTTCGATG-1	5
CCTAAAGTCAATGCAC-1	1
CCTAAAGTCACTAGGT-1	2
CCTAAAGTCAGTGTGT-1	1
CCTAAAGTCCAGCACG-1	3
CCTATTACAAGCAGGT-1	4
CCTATTACAATGCATC-1	2
CCTATTACAGTTGCAT-1	3
CCTATTACATTATGGC-1	1
CCTATTAGTGACAAGC-1	1
CCTATTATCCGTCAAA-1	5
CCTATTATCGATGTAC-1	3
CCTATTATCTCATATC-1	2
CCTCCCTAGGGTAATT-1	1
CCTCCCTCAGAGCCAA-1	2
CCTCCCTCAGCGTGAA-1	3
CCTCCCTCAGTATCTG-1	5
CCTCCCTTCCAAGTCA-1	2
CCTCCCTTCGGAAAGC-1	1
CCTGCTAAGATATGAC-1	4
CCTGCTAAGATCCGAG-1	1
CCTGCTAAGCCATGGA-1	1
CCTGCTACACGGTTAT-1	6
CCTGCTAGTAAAGCTA-1	5
CCTGCTAGTAGCGGTA-1	2
CCTGCTAGTTCAGTTG-1	3
CCTGCTATCACCACAA-1	2
CCTGCTATCCGGAAAG-1	3
CCTGCTATCGAGTTAC-1	5
CCTGCTATCTTCCACG-1	5
CCTGGGAAGAGGTACC-1	3
CCTGGGAAGGTTGACG-1	2
CCTGGGACACGCTCAG-1	2
CCTGGGAGTCCAAGAG-1	1
CCTGGGAGTCCGGTAC-1	2
CCTGGGATCCGTTTCG-1	1
CCTGGGATCCTCATTA-1	2
CCTGGGATCGCTATAG-1	4
CCTTAATAGGAGTCTG-1	2
CCTTAATAGGTTAGTA-1	2
CCTTAATAGTACGACG-1	2
CCTTAATGTCGAGGTA-1	1
CCTTAATTCGTTGTTT-1	3
CCTTGCAAGATTGACA-1	1
CCTTGCAGTAACGGAC-1	2
CCTTGCAGTAGTGATA-1	3
CCTTGCAGTATTCGAC-1	5
CCTTGCAGTCAAACAA-1	4
CCTTGCAGTTCCATCC-1	4
CCTTGCATCGGGAATG-1	1
CCTTGCATCGGTCGAC-1	2
CCTTGCATCTTGGCCT-1	2
CCTTGGTAGATAGGTT-1	3
CCTTGGTAGCGGACTA-1	2
CCTTGGTAGTGGACGT-1	1
CCTTGGTCAGGGTACA-1	6
CCTTGGTGTGTACGCC-1	1
CCTTGGTTCAGGATCT-1	3
CCTTGGTTCCCACTTG-1	4
CCTTGGTTCGAGGCTC-1	2
CCTTGGTTCGCTATTT-1	3
CGAGTTAAGCGTTGCC-1	1
CGAGTTAAGCTGAATA-1	2
CGAGTTAAGTGCAACG-1	3
CGAGTTACACAGCCAC-1	1
CGAGTTACACTCGTGG-1	2
CGAGTTATCGAACCGC-1	3
CGAGTTATCGTTTGAG-1	2
CGAGTTATCTTCAGAG-1	1
CGATGATAGACACGGT-1	4
CGATGATAGGTAAGCC-1	3
CGATGATAGTCCAGAG-1	2
CGATGATAGTGAGTGC-1	1
CGATGATCAAGACTTC-1	1
CGATGATCAAGCCCTG-1	6
CGATGATCAAGGGAGG-1	3
CGATGATCAATGGCAG-1	1
CGATGATCAGGACCTC-1	3
CGATGATCATGACTGT-1	4
CGATGATCATTACTTC-1	5
CGATGATCATTGTTCT-1	3
CGATGATGTAGGTGAC-1	4
CGATGATTCAGCCGAC-1	3
CGATGATTCATGCTTT-1	4
CGATGATTCCTGACCT-1	4
CGATGATTCTCCACTG-1	3
CGCAATAAGAAGACTT-1	1
CGCAATAAGACAACGC-1	2
CGCAATAAGTACAACA-1	3
CGCAATAAGTTCCAGT-1	3
CGCAATACAGACCTGC-1	2
CGCAATAGTATGGTTC-1	1
CGCAATAGTCCTCAGG-1	2
CGCAATAGTCTGAGCC-1	1
CGCAATAGTGAGGGTT-1	3
CGCAATAGTTAACTCG-1	1
CGCAATATCCACGAGC-1	3
CGCAATATCTCTGAGA-1	2
CGCAATATCTTCGTTA-1	1
CGCACAGAGCCATCAT-1	2
CGCACAGAGCTACGTT-1	1
CGCACAGAGGATTAAC-1	5
CGCACAGAGTAGTTCC-1	1
CGCACAGCAGATAAGT-1	2
CGCACAGCAGTTACAC-1	5
CGCACAGCATTGCCTC-1	2
CGCACAGGTATACGCT-1	1
CGCACAGGTATGGTTC-1	4
CGCACAGGTTCTTTCA-1	3
CGCACAGTCAGTGGTT-1	3
CGCACAGTCCTGTGGG-1	2
CGCACAGTCTAGTCGA-1	2
CGCACAGTCTCGCGGA-1	1
CGCAGGTAGGCGACTA-1	2
CGCAGGTAGGTGAACC-1	1
CGCAGGTAGTCGATAA-1	2
CGCAGGTCACGGCCAT-1	3
CGCAGGTCAGGCTACC-1	3
CGCAGGTCATGTCCCT-1	2
CGCAGGTCATTCCCGT-1	4
CGCAGGTGTACGGATG-1	3
CGCAGGTGTAGCGGTA-1	2
CGCAGGTGTATTGTCG-1	2
CGCAGGTGTCATTGCA-1	3
CGCAGGTGTCGAGGTA-1	4
CGCAGGTGTCTTAGCA-1	2
CGCAGGTGTGCCCTAG-1	4
CGCAGGTGTGCTTACA-1	1
CGCGCAAAGAGAACCC-1	3
CGCGCAAAGCTAGCAG-1	2
CGCGCAAAGTACGCGA-1	5
CGCGCAACAAAGCTGG-1	3
CGCGCAACAACACGGA-1	4
CGCGCAACACTCGGAC-1	1
CGCGCAACAGGGTAAC-1	1
CGCGCAAGTGAAACAT-1	1
CGCGCAAGTGAATGGC-1	3
CGCGCAAGTGGTCGAA-1	1
CGCGCAAGTTCGGGAA-1	4
CGCGCAATCAATTGGC-1	5
CGCGCAATCACTCCCA-1	1
CGCGCAATCCACCTAC-1	1
CGCGCAATCCGTACGG-1	3
CGCGCAATCTATTTCG-1	4
CGCTAGGAGCATGTGG-1	3
CGCTAGGAGTGAACCG-1	1
CGCTAGGCACTGCTCT-1	2
CGCTAGGCATAGCAGG-1	3
CGCTAGGGTATTCGCA-1	2
CGCTAGGGTCGAGGAT-1	2
CGCTAGGGTGATTCCA-1	5
CGCTAGGGTTGCAGAG-1	2
CGCTAGGTCACCCGGA-1	1
CGCTATCAGATATGAC-1	2
CGCTATCAGGTAGGAA-1	1
CGCTATCAGTACGCGA-1	6
CGCTATCCAAAGCATA-1	3
CGCTATCCACCACGAC-1	1
CGCTATCGTCATCGTA-1	2
CGCTATCGTTCGGGAA-1	3
CGCTATCTCCAGGTCG-1	1
CGCTATCTCCATACGA-1	3
CGCTGGAAGAATCAAC-1	1
CGCTGGAAGGCGATTG-1	2
CGCTGGAAGGCGTAGT-1	5
CGCTGGATCCAGAATC-1	2
CGCTGGATCGAGGTCC-1	2
CGCTGGATCGCCACTT-1	4
CGCTGGATCTGTCGGG-1	1
CGGACCAAGAGATTAC-1	4
CGGACCAAGAGCCACA-1	3
CGGACCAAGATTACGA-1	4
CGGACCAAGCCAGAAC-1	1
CGGACCAAGGTTACAA-1	3
CGGACCACAAGAGATT-1	4
CGGACCAGTTACGGAG-1	5
CGGACTGAGAGAGGTA-1	1
CGGACTGAGCATACCT-1	2
CGGACTGAGGCCAATG-1	3
CGGACTGAGGGTTCCC-1	2
CGGACTGAGGTTACAA-1	1
CGGACTGAGTTCAACC-1	2
CGGACTGTCGCCGAAC-1	1
CGGTGCAAGACCATAA-1	3
CGGTGCAAGATTAGAC-1	2
CGGTGCAAGTGCAACG-1	3
CGGTGCACAAGTCCTA-1	5
CGGTGCACACTGTTAG-1	4
CGGTGCACACTTACAG-1	4
CGGTGCACATGCGTTA-1	5
CGGTGCACATTGCGAT-1	2
CGGTGCAGTCAACTGT-1	2
CGGTGCAGTCAATACC-1	3
CGGTGCAGTCAGACGA-1	2
CGTAAACCAAGACACG-1	6
CGTAAACCACGAACGA-1	1
CGTAAACCATTAGCAC-1	2
CGTAAACGTTCCATCC-1	3
CGTAAACTCCTTTGCG-1	4
CGTACAAAGAGCACTG-1	2
CGTACAAAGGTAGGAA-1	3
CGTACAAAGTCTTAGC-1	4
CGTACAACAGGGAGTT-1	4
CGTACAAGTATGTCCA-1	1
CGTACAATCAGCCGAC-1	2
CGTACAATCATTCTCA-1	4
CGTACAATCCGTTTCG-1	3
CGTACAATCTCAGATG-1	3
CGTGGCAAGGAAGGTA-1	1
CGTGGCAAGGATGCCA-1	1
CGTGGCAAGGTTGTTC-1	1
CGTGGCACAGATACAA-1	2
CGTGGCACATGCACTA-1	2
CGTGGCAGTCCGTCGA-1	2
CGTGGCAGTGAGTTGG-1	5
CGTGGCAGTTCCAATG-1	1
CGTGGCATCATAGGTC-1	2
CGTGGCATCGGGAATG-1	2
CGTGGCATCGGGATCC-1	4
CGTGGCATCGTGTGCG-1	5
CGTTCCAAGAGCACTG-1	3
CGTTCCAAGGAAGACA-1	3
CGTTCCAAGTGAAGGA-1	2
CGTTCCACAATGTAAG-1	2
CGTTCCACATGGGTGA-1	5
CGTTCCACATTGCGAT-1	1
CGTTCCAGTGCAACAG-1	2
CGTTCCAGTTTCCGGG-1	1
CGTTCCATCACTAGCA-1	3
CGTTCCATCGGTACTA-1	2
CGTTCCATCTTGCGCT-1	5
CTAACTTAGAGAACCC-1	2
CTAACTTAGCCTGTAT-1	4
CTAACTTAGGATGTCG-1	2
CTAACTTAGTACGACG-1	5
CTAACTTCAAAGCATA-1	1
CTAACTTGTGTTGTTG-1	2
CTAACTTGTTTGTAGC-1	1
CTAACTTTCAAAGTAG-1	5
CTAACTTTCAGAACGG-1	2
CTAACTTTCCAAGTCA-1	1
CTACAGAAGGGTTCTT-1	1
CTACAGACAGCAACCC-1	3
CTACAGAGTAGGTGAC-1	1
CTACAGAGTCGTAGTT-1	5
CTACAGAGTGCTGTGC-1	2
CTACAGATCCCAGTAA-1	4
CTACTTAAGAGGCAGG-1	3
CTACTTAAGCACGTAG-1	3
CTACTTAAGTCGAAAT-1	1
CTACTTACAGAGAGAA-1	1
CTACTTATCACACGTA-1	3
CTACTTATCCTCCTGA-1	5
CTACTTATCGATGCAT-1	2
CTACTTATCGTTCTAT-1	4
CTACTTATCTCTATCA-1	1
CTAGCGGAGAAGGGCG-1	3
CTAGCGGAGGGAAATG-1	1
CTAGCGGAGTCCCTCT-1	2
CTAGCGGAGTGAGCAC-1	3
CTAGCGGCAAAGCTGG-1	5
CTAGCGGCACAGGAAC-1	3
CTAGCGGCACTAAACC-1	4
CTAGCGGCACTGCTTC-1	2
CTAGCGGCAGGGAGTT-1	1
CTAGCGGCATGTGAGG-1	1
CTAGCGGGTGAGGGTT-1	1
CTAGCGGTCACACGTA-1	1
CTAGCGGTCCTTTGAT-1	4
CTAGGATAGCGATACG-1	1
CTAGGATCAAACGACG-1	3
CTAGGATCACCCTTTG-1	1
CTAGGATGTAGACGCA-1	1
CTAGGATGTCACCCGA-1	2
CTAGGATGTGCTAGTT-1	2
CTAGGATGTTAGGAAT-1	3
CTAGGATTCGGATAAA-1	3
CTAGGGCAGAGCTGTG-1	2
CTAGGGCAGCCATTCA-1	4
CTAGGGCCAAGGAAGA-1	1
CTAGGGCCAGAGTCGA-1	3
CTAGGGCCATAGCCGC-1	3
CTAGGGCGTAGGTAAT-1	5
CTAGGGCGTTTCGATG-1	1
CTAGGGCTCTGGAAGG-1	5
CTCAACCAGAATGCTA-1	1
CTCAACCAGACAGTGC-1	2
CTCAACCAGGGTTCCC-1	4
CTCAACCAGTCGACCC-1	2
CTCAACCAGTGATATG-1	2
CTCAACCCAACGTACT-1	1
CTCAACCCAAGCGTCC-1	3
CTCAACCCAAGGAAGA-1	4
CTCAACCCAGCTATAC-1	1
CTCAACCCATATTGGC-1	3
CTCAACCCATTAAGGA-1	6
CTCAACCCATTACTCT-1	4
CTCAACCGTCAGCAAG-1	3
CTCAACCGTTGGTAAA-1	6
CTCAACCTCAAACCCA-1	3
CTCAACCTCTACTTTG-1	1
CTCACCAAGTCCAGAG-1	2
CTCACCAAGTCTCTAG-1	2
CTCACCAAGTGCACAG-1	1
CTCACCAAGTTGCCGC-1	2
CTCACCACATCAACTG-1	4
CTCACCACATTACTTC-1	2
CTCACCACATTCGTCC-1	3
CTCACCAGTACGTAGG-1	2
CTCACCAGTCATAAGA-1	3
CTCACCATCAAACCCA-1	4
CTCACCATCCCTACGT-1	3
CTCACCATCTCAGATG-1	1
CTCACCATCTGTGTGA-1	2
CTCAGAAAGGGTTCCC-1	4
CTCAGAAAGTCGCGTC-1	3
CTCAGAACATTCGTCC-1	3
CTCAGAAGTATTGTCG-1	2
CTCAGAATCAATGCAC-1	1
CTCAGAATCCTATCCG-1	2
CTCAGCTAGGAAGGTA-1	2
CTCAGCTAGGAATGGA-1	3
CTCAGCTCAGTATACC-1	2
CTCAGCTGTGGTTCTA-1	3
CTCAGCTTCATCGCTC-1	5
CTCAGCTTCGGCATAT-1	3
CTCATGCAGACGAAAG-1	5
CTCATGCAGGCTAAAT-1	2
CTCATGCAGTGCCCTG-1	3
CTCATGCAGTGGTGTG-1	3
CTCATGCCAGGGCTTC-1	3
CTCATGCGTACCGGCT-1	5
CTCATGCGTATTCTCT-1	4
CTCATGCGTGAAACAT-1	3
CTCATGCGTGCCCGAT-1	5
CTCATGCGTGTCCTTC-1	1
CTCATGCTCAGCACTA-1	1
CTCATGCTCCCGTATC-1	1
CTCCCAAAGGGAAATG-1	5
CTCCCAACAATTCAGC-1	2
CTCCCAAGTAAGCCTT-1	4
CTCCCAAGTGGACCAA-1	3
CTCGCTAAGAGTCCGA-1	5
CTCGCTAAGCGATACG-1	4
CTCGCTAAGTACGACG-1	4
CTCGCTAAGTTCGCGC-1	4
CTCGCTAAGTTGTCCA-1	5
CTCGCTACAGCAAACG-1	1
CTCGCTACATAGACGG-1	2
CTCGCTAGTACCTATG-1	1
CTCGCTAGTTAGAGAT-1	2
CTCGCTATCCAGCACG-1	2
CTCGCTATCTTCTTCC-1	2
CTCTACGCAATACTGC-1	1
CTCTACGCACACTAGT-1	6
CTCTACGCAGTTGGAG-1	1
CTCTACGGTTTCCGGG-1	2
CTCTACGTCAAACCCA-1	3
CTCTACGTCGGTCTCT-1	1
CTCTACGTCGTCCCAT-1	1
CTCTACGTCTTGTCAT-1	4
CTCTAGCAGGAGTACC-1	2
CTCTAGCAGGCAAGCT-1	5
CTCTAGCCAGCAGGTA-1	2
CTCTAGCCATGGTATC-1	1
CTCTAGCGTCGTAGTT-1	4
CTCTAGCGTTTAAGGA-1	6
CTCTAGCTCAGTGTGT-1	1
CTCTAGCTCCTGTGGG-1	1
CTCTAGCTCGCGCCAA-1	3
CTCTAGCTCTCCACTG-1	3
CTCTCAGAGATCCGAG-1	2
CTCTCAGAGGAAGACA-1	3
CTCTCAGAGTGAGTTA-1	3
CTCTCAGCAGTAAGAT-1	4
CTCTCAGGTCCGTGCA-1	2
CTCTCAGGTGCACATT-1	3
CTCTCAGGTTCCCGGA-1	5
CTCTCAGGTTTGCCCT-1	2
CTCTCAGTCGACTGGC-1	1
CTCTCAGTCGCCAGAC-1	3
CTCTCAGTCTATTGTC-1	2
CTCTCGAAGCGAATAT-1	1
CTCTCGAAGTGAGCAC-1	1
CTCTCGACAATAGTGA-1	4
CTCTCGACATCCGTGG-1	2
CTCTCGAGTCCACCAG-1	1
CTCTCGAGTGCACATT-1	1
CTCTCGAGTTGTCGGC-1	1
CTCTCGATCCGCTATC-1	1
CTGAATGAGAAATACC-1	3
CTGAATGAGAATATCG-1	1
CTGAATGCAATGTGCT-1	3
CTGAATGCACGGTTAT-1	5
CTGAATGCATCCCGGA-1	1
CTGAATGCATTACACG-1	2
CTGAATGCATTCTTTG-1	2
CTGAATGGTAAGTGCG-1	3
CTGAATGGTACGCCCA-1	1
CTGAATGGTGCGCTCA-1	2
CTGAATGTCCACCTAC-1	2
CTGAATGTCGTGATAC-1	2
CTGCGTTAGAGACTCG-1	3
CTGCGTTAGAGTTTGA-1	5
CTGCGTTAGCCTATAC-1	1
CTGCGTTAGGATGTCG-1	2
CTGCGTTAGTAGGTCG-1	2
CTGCGTTAGTGAAGGA-1	1
CTGCGTTAGTGAGTTA-1	1
CTGCGTTAGTGTGTAA-1	2
CTGCGTTCAAGCCCTG-1	1
CTGCGTTCACCGAATT-1	2
CTGCGTTGTAGGGTTG-1	1
CTGCGTTGTCAATCCA-1	1
CTGCGTTGTGCCCTAG-1	4
CTGCGTTTCAAGTTGC-1	1
CTGCTCAAGATTCCGT-1	5
CTGCTCAGTAAGTCTC-1	1
CTGCTCAGTGAGGTCA-1	1
CTGCTCAGTGCATCAT-1	1
CTGCTCAGTGGCATAG-1	2
CTGCTCAGTTACGAAA-1	3
CTGCTCATCTCTGCAC-1	2
CTGGCAGAGATGCGAC-1	3
CTGGCAGAGCTCGTTA-1	5
CTGGCAGAGGAGAACA-1	2
CTGGCAGCAACGCAAG-1	3
CTGGCAGCACTAAACC-1	1
CTGGCAGCACTTGCGG-1	3
CTGGCAGCAGCGTCGT-1	1
CTGGCAGCATTTGGCA-1	3
CTGGCAGGTTTGCCAA-1	6
CTGGCAGTCAGTGGTT-1	4
CTGGCAGTCTTAACGG-1	2
CTGGGACAGAACGACC-1	3
CTGGGACAGAGTAAGG-1	1
CTGGGACAGCTATCGT-1	2
CTGGGACAGGATTGAT-1	3
CTGGGACCAATACTGC-1	3
CTGGGACCACGCGTTG-1	6
CTGGGACCAGCAACGA-1	5
CTGGGACCATTCCCGT-1	2
CTGGGACCATTGCGAT-1	4
CTGGGACGTTCTCGAA-1	4
CTGGGACGTTTGTGAC-1	2
CTGGGACTCGATCTTT-1	4
CTGGGACTCGCACCGA-1	2
CTGGGACTCTAAGGTC-1	3
CTGTATTAGTCCAGAG-1	1
CTGTATTAGTGGTGTG-1	2
CTGTATTCAAAGGAAG-1	1
CTGTATTCAACGGGTA-1	2
CTGTATTCATGTGAGG-1	5
CTGTATTGTTTAGACC-1	1
CTGTATTTCAGGAAGC-1	3
CTGTTCGAGAAATACC-1	3
CTGTTCGAGTCCCTCT-1	1
CTGTTCGCAATGTGTC-1	3
CTGTTCGCACTCAGCG-1	4
CTGTTCGCATCCGTGG-1	3
CTGTTCGGTACGTAAA-1	2
CTGTTCGGTAGTGATA-1	1
CTGTTCGGTATCATGC-1	5
CTGTTCGGTCGTAATC-1	1
CTGTTCGTCTATCTAC-1	1
CTTAATCAGATATGTG-1	3
CTTAATCAGATGTTCC-1	2
CTTAATCCAACGACAG-1	3
CTTAATCCAACTCGAT-1	2
CTTAATCCAAGTGGCA-1	5
CTTAATCCAGGGCTTC-1	1
CTTAATCGTAGTTTGC-1	3
CTTAATCGTATTCACG-1	1
CTTAATCTCATTGCCC-1	1
CTTCCAGAGATATGTG-1	1
CTTCCAGAGCGTCAAG-1	2
CTTCCAGAGGAGTAGA-1	4
CTTCCAGAGTTGACAA-1	5
CTTCCAGCACATATCG-1	3
CTTCCAGCATATTGGC-1	4
CTTCCAGTCTGGGCGT-1	4
CTTCTAAAGAGATTAC-1	2
CTTCTAACAAGGATGC-1	5
CTTCTAACAATGACTC-1	3
CTTCTAAGTGCACCCA-1	5
CTTCTAATCAGCCGAC-1	2
CTTCTAATCTTGTGCC-1	2
CTTGAAGAGACGACTG-1	5
CTTGAAGAGACTTGAA-1	5
CTTGAAGAGCCATCAT-1	3
CTTGAAGAGTGCAACG-1	3
CTTGAAGCAGCTGATT-1	1
CTTGAAGTCATAGGTC-1	2
CTTGAAGTCGAACACT-1	5
CTTGAAGTCGTCCCAT-1	3
CTTGCCACAATGGTAA-1	3
CTTGCCACAGGTAGCA-1	3
CTTGCCACATAGCAGG-1	1
CTTGCCAGTATTTGCG-1	1
CTTGCCAGTCACAGGA-1	1
CTTGCTGAGACGACTG-1	2
CTTGCTGAGTCTGCTA-1	1
CTTGCTGCAACGCAAG-1	2
CTTGCTGCAATGGCTT-1	4
CTTGCTGCAGATTTGC-1	2
CTTGCTGCAGTAACTC-1	1
CTTGCTGTCGGACGAA-1	3
CTTGTCGAGGGATCCA-1	1
CTTGTCGAGTACCCAT-1	1
CTTGTCGCAAGCGAAC-1	2
CTTGTCGCACAGGAAC-1	3
CTTGTCGCATACAACC-1	3
CTTGTCGCATGGGTGA-1	3
CTTGTCGGTCACTCTC-1	2
CTTGTCGGTCCAAGTT-1	3
CTTGTCGGTTTGAAGA-1	4
CTTGTCGTCACCGCGA-1	3
CTTGTCGTCCATAACG-1	1
CTTGTCGTCGGCAATT-1	1
CTTTGCGAGAGAGTTT-1	3
CTTTGCGAGATAGGTT-1	2
CTTTGCGAGCTGAGGT-1	4
CTTTGCGAGTGGTGTG-1	3
CTTTGCGCACATCATG-1	1
CTTTGCGCACTTATGG-1	2
CTTTGCGCATTGTGAC-1	2
CTTTGCGGTAACCCAT-1	1
CTTTGCGGTGCTGAAG-1	1
CTTTGCGTCCAAACCA-1	2
CTTTGCGTCGCTAGTA-1	2
GAAACAAAGACTCGGA-1	2
GAAACAAAGTAGTGTA-1	1
GAAACAACACCTGTGG-1	3
GAAACAACACTGGGCT-1	2
GAAACAAGTTCTACCC-1	2
GAAACAATCCTGTGGG-1	1
GAAAGTAAGATCGATA-1	3
GAAAGTAAGTTCAAGA-1	5
GAAAGTACAAAGGCCA-1	1
GAAAGTACAATAGTGA-1	1
GAAAGTACACAGATGG-1	3
GAAAGTACACGTTAGT-1	1
GAAAGTACATCAGAAA-1	1
GAAAGTACATGGTAAA-1	1
GAAAGTAGTCGATTAC-1	5
GAAAGTAGTTCAGTTG-1	4
GAAAGTAGTTCTCGAA-1	1
GAAAGTAGTTGTCGGC-1	2
GAAAGTATCCATATCT-1	3
GAAATGAAGACCAATA-1	2
GAAATGAAGTTGGAAT-1	3
GAAATGACAAGTTCGT-1	3
GAAATGACAATCAGGG-1	4
GAAATGACACATCATG-1	4
GAAATGACACTAGGAG-1	5
GAAATGACAGGCATTT-1	2
GAAATGACAGGTCTGC-1	1
GAAATGAGTAACATAG-1	1
GAAATGAGTCCGAGCT-1	6
GAAATGATCACCCTTG-1	5
GAAATGATCGAAGCCC-1	1
GAAATGATCGGATGTT-1	2
GAAATGATCGGGATCC-1	3
GAACCGCAGATATGTG-1	1
GAACCGCAGCCTTTGA-1	2
GAACCGCAGGGACGTT-1	3
GAACCGCCAAGGAACC-1	3
GAACCGCCAAGGAAGA-1	2
GAACCGCCACGGTGTC-1	3
GAACCGCCACTTGCGG-1	3
GAACCGCCATAGCCGC-1	2
GAACCGCGTTCTACCC-1	1
GAACCGCGTTCTGAAC-1	2
GAACCGCGTTGTCGGC-1	2
GAACCGCTCAGTGTGT-1	2
GAACCGCTCGGTACTA-1	2
GAACCGCTCGTGGCGT-1	4
GAACCTAAGGATTGAT-1	2
GAACCTACAAAGGAAG-1	2
GAACCTACACCCTTAC-1	3
GAACCTAGTTGCCGCA-1	1
GAACCTATCAGGCCGT-1	2
GAACCTATCCTTGACC-1	5
GAACGTTAGATGGGTC-1	2
GAACGTTAGATTACGA-1	4
GAACGTTAGCCTATAC-1	1
GAACGTTAGCGCACAA-1	2
GAACGTTAGGCAAGGG-1	1
GAACGTTAGGGTCTGA-1	3
GAACGTTAGGTTACAA-1	2
GAACGTTCAATCATCG-1	2
GAACGTTCATATAGAG-1	3
GAACGTTGTCGAGGTA-1	1
GAACGTTTCAACACGT-1	1
GAACGTTTCCAGGTAT-1	2
GAACGTTTCCCGTAGG-1	1
GAACTTGCAAGACACG-1	3
GAACTTGCATGCGACC-1	3
GAACTTGTCGCGGCAT-1	2
GAACTTGTCGTGAACT-1	3
GAACTTGTCTACTGCC-1	3
GAACTTGTCTGAAAGA-1	2
GAAGAGCAGAAATGGG-1	1
GAAGAGCAGTAACTCC-1	3
GAAGAGCAGTCTCGAT-1	3
GAAGAGCCAAGCGAAC-1	2
GAAGAGCCAAGCTTTG-1	3
GAAGAGCCACTTGCGG-1	2
GAAGAGCCATTGAACC-1	2
GAAGAGCGTCAGTGCC-1	3
GAAGAGCGTGTGAGGT-1	1
GAAGAGCGTTAACCAC-1	3
GAAGAGCTCATACTTC-1	1
GAAGAGCTCCAGGTAT-1	2
GAAGAGCTCGAACACT-1	3
GAAGAGCTCGCGTTCT-1	2
GAAGTCTAGATATGTG-1	1
GAAGTCTAGTCAGCCC-1	5
GAAGTCTCAATTGTGC-1	2
GAAGTCTCACAGAAGC-1	1
GAAGTCTCACGCGTTG-1	1
GAAGTCTCAGCGCGTT-1	3
GAAGTCTCATTTGGTG-1	1
GAAGTCTGTAACGGCA-1	3
GAAGTCTGTTAGGAGC-1	1
GAAGTCTTCCATACCC-1	5
GAAGTCTTCGATGAAA-1	3
GAAGTCTTCTGGGCGT-1	3
GAAGTCTTCTGTGTCC-1	5
GAAGTGGAGTCTCTAG-1	1
GAAGTGGCAGTGCGAA-1	1
GAAGTGGCATAGACGG-1	4
GAAGTGGGTAAAGGCC-1	2
GAAGTGGGTACAAATG-1	5
GAAGTGGGTAGGTAAT-1	4
GAAGTGGTCAGGGTTT-1	1
GAAGTGGTCAGTGTAC-1	3
GAAGTGGTCCACTAGA-1	3
GAAGTGGTCGGTAGGA-1	2
GAATCTGAGAGAAGCA-1	5
GAATCTGAGTATAGTG-1	1
GAATCTGGTGGTGGTA-1	2
GAATCTGGTTTGACCA-1	3
GAATCTGTCAAGAGGC-1	2
GAATCTGTCACTCGGG-1	2
GAATCTGTCCCAATGA-1	4
GAATCTGTCGATTACG-1	3
GAATCTGTCGCAAACT-1	1
GAATCTGTCTGGCTAA-1	1
GACCAATAGAACTCCT-1	2
GACCAATAGCGTCTGC-1	3
GACCAATAGGGCTCTC-1	2
GACCAATCACTAAACC-1	4
GACCAATCAGACTAAA-1	1
GACCAATGTAGATGAT-1	1
GACCAATGTGCGTCCA-1	3
GACCAATGTGTGTGTT-1	1
GACCAATGTTCTGATG-1	2
GACCAATTCAGCCGAC-1	3
GACCAATTCAGTGTAC-1	3
GACCAATTCCTCCCAA-1	3
GACCAATTCGGTCCGA-1	3
GACCAATTCTAGTCGA-1	5
GACCCAGAGACTAATG-1	5
GACCCAGAGAGCACTG-1	4
GACCCAGAGCTCGTTA-1	4
GACCCAGAGTTCAAGA-1	2
GACCCAGCAACAACTC-1	3
GACCCAGCACCTGAAT-1	1
GACCCAGCAGAAAGAG-1	4
GACCCAGCATCCTCGT-1	2
GACCCAGCATTAGCAC-1	3
GACCCAGGTAAGCCTT-1	1
GACCCAGGTACGTATC-1	4
GACCCAGTCCAGCACG-1	3
GACCCAGTCGAACCGC-1	3
GACCCAGTCGACTATG-1	2
GACCCAGTCGTGGAAG-1	4
GACCGACAGATTACGA-1	2
GACCGACAGCAATAAC-1	2
GACCGACAGCGCATTT-1	3
GACCGACAGCGGACAT-1	1
GACCGACCAATGACTC-1	1
GACCGACCACATTGCA-1	5
GACCGACGTAGGTCTT-1	2
GACCGACGTCACAGTT-1	3
GACCGACTCGTGCTGG-1	1
GACCTTCAGGCAAGCT-1	2
GACCTTCCAACTCGAT-1	5
GACCTTCCAAGCAGGT-1	4
GACCTTCCAATTCTCT-1	2
GACCTTCCACGCGTTG-1	3
GACCTTCCAGGTGGTA-1	2
GACCTTCCATCACAAC-1	5
GACCTTCTCCAATAGC-1	3
GACCTTCTCCGAATTG-1	3
GACCTTCTCCTGACCT-1	2
GACCTTCTCTTCTCTC-1	1
GACTAACAGTAACACA-1	1
GACTAACAGTACCCAT-1	6
GACTAACCACTACACA-1	2
GACTAACCACTTATGG-1	2
GACTAACCAGGGTACA-1	1
GACTAACGTAGAAAGG-1	2
GACTAACGTCTGTGTA-1	4
GACTAACGTTCTGATG-1	4
GACTAACGTTTGTAGC-1	1
GACTAACTCATTCTCA-1	1
GACTAACTCCATCTAT-1	2
GACTAGTAGACTTGAA-1	2
GACTAGTCAATTGGCT-1	2
GACTAGTCACTAGGAG-1	1
GACTAGTCAGCAATGG-1	3
GACTAGTCAGGACTGA-1	3
GACTAGTGTCGGCTGT-1	3
GACTAGTTCCACGCTT-1	4
GACTAGTTCCATGTTT-1	2
GACTAGTTCGACGGAA-1	3
GAGAACGAGTACTCTG-1	1
GAGAACGAGTCATACC-1	1
GAGAACGCAATGCCAT-1	3
GAGAACGCATTACTCT-1	2
GAGAACGGTTACGAAA-1	4
GAGAACGTCCACTAGA-1	2
GAGAACGTCGTGATAC-1	2
GAGACTTAGAGTCCGA-1	3
GAGACTTAGCATTGGG-1	5
GAGACTTAGGTACATA-1	2
GAGACTTAGTAGGAAG-1	2
GAGACTTCAAAGAGAG-1	5
GAGACTTCAAGCGTCC-1	5
GAGACTTCAGATGGCA-1	3
GAGACTTTCCATCTAT-1	2
GAGACTTTCGAACACT-1	3
GAGATTCAGGCCAGTA-1	3
GAGATTCAGTTCGACT-1	1
GAGATTCCAAATGCTC-1	5
GAGATTCCAACACGGA-1	2
GAGATTCCACTACACA-1	3
GAGATTCCACTGTAAC-1	2
GAGATTCGTAGACGCA-1	3
GAGATTCGTATCAGCT-1	4
GAGATTCTCGAGAACG-1	5
GAGATTCTCGCACCGA-1	2
GAGATTCTCTCGTAGA-1	2
GAGCATTAGAGAACCC-1	3
GAGCATTCACACACCG-1	1
GAGCATTCATAGATAG-1	3
GAGCATTGTCGATTAC-1	4
GAGCATTGTTAGGAGC-1	3
GAGCATTTCACCCGGA-1	2
GAGCATTTCCACTAGA-1	1
GAGCATTTCGCCACTT-1	2
GAGCATTTCTGAAAGA-1	2
GAGCGCTAGTCGACCC-1	2
GAGCGCTCAAACGTTC-1	5
GAGCGCTCAATTGGCT-1	2
GAGCGCTCATTCCCGT-1	1
GAGCGCTGTCCGTAGC-1	2
GAGCGCTGTCTGTGTA-1	4
GAGCGCTGTTCTGATG-1	2
GAGCGCTTCACGTCAA-1	1
GAGCGCTTCGAACCGC-1	1
GAGCGCTTCTCAGATG-1	3
GAGCGCTTCTGGCACG-1	4
GAGGATGAGAATGCTA-1	3
GAGGATGAGTGATCTC-1	1
GAGGATGCAATCACTG-1	3
GAGGATGCAATTGTGC-1	5
GAGGATGCAGACTAAA-1	4
GAGGATGCATAGCCAT-1	3
GAGGATGGTGCTGAAG-1	2
GAGGATGGTTGGTAAA-1	4
GAGGATGTCATTCTCA-1	3
GAGGATGTCCTTGACC-1	4
GAGGATGTCGGGAAAC-1	1
GAGGATGTCTTTCGAT-1	1
GAGGCTCAGACCCATT-1	3
GAGGCTCAGGTACTCT-1	2
GAGGCTCAGTGATTAG-1	3
GAGGCTCCAAGTCCTA-1	4
GAGGCTCCATCCGTAA-1	1
GAGGCTCGTAGTATCC-1	3
GAGGCTCGTATTGTCG-1	1
GAGGCTCGTTACCACA-1	3
GAGGCTCTCTTCCACG-1	2
GAGGTCCAGACAACGC-1	2
GAGGTCCAGATCGCCC-1	2
GAGGTCCAGTACGCGA-1	1
GAGGTCCAGTGTCCCG-1	3
GAGGTCCCAAGGGAGG-1	1
GAGGTCCCAGGTAGGT-1	1
GAGGTCCCATAGACGG-1	3
GAGGTCCCATCTGCAA-1	1
GAGGTCCGTCTCTAAG-1	5
GAGGTCCGTTCAGTAC-1	5
GAGGTCCTCTTACCTA-1	4
GAGTGAGAGACGAAAG-1	3
GAGTGAGAGTAGCAAT-1	5
GAGTGAGCAGCTGATT-1	3
GAGTGAGGTCATTGCA-1	1
GAGTGAGTCAAGGCAG-1	3
GATCATGAGAGAAGCA-1	2
GATCATGAGAGTAAGG-1	2
GATCATGAGGCGCTTC-1	6
GATCATGAGGTTCTCA-1	4
GATCATGGTAGGGTTG-1	2
GATCATGGTATGGATA-1	5
GATCATGGTGGCCTTG-1	1
GATCATGGTTACGAAA-1	3
GATCATGTCGGCATAT-1	5
GATCATGTCTATTTCG-1	4
GATCATGTCTTCCGTG-1	3
GATCGTAAGAAATACC-1	2
GATCGTAAGGAGTACC-1	5
GATCGTACAACTGCGC-1	4
GATCGTACAGGAGCAT-1	2
GATCGTACATGGTAAA-1	3
GATCGTAGTCTCTGCT-1	2
GATCGTAGTTCTTTGT-1	3
GATCGTATCACAAGCT-1	1
GATCGTATCGCATAAC-1	3
GATCGTATCTAGCTGA-1	4
GATGATCCACTTATGG-1	2
GATGATCCATGGAGGT-1	1
GATGATCCATGTCCCT-1	1
GATGATCGTCAGTGTT-1	5
GATGATCTCATTCGGA-1	4
GATGGCCAGACTTGAA-1	1
GATGGCCAGAGTAAGG-1	3
GATGGCCAGATGCGAC-1	4
GATGGCCAGGCGATTG-1	2
GATGGCCCAAATTGAG-1	3
GATGGCCCAACGAGGT-1	1
GATGGCCGTACGAGAC-1	3
GATGGCCGTCAGAGTG-1	3
GATGGCCGTTCTGAAC-1	5
GATGGCCTCCATAACG-1	1
GATGGCCTCGATGCAT-1	1
GATGGCCTCGCTTACC-1	1
GATGGCCTCTGGTACA-1	2
GATTAGCAGAATCAAC-1	1
GATTAGCAGACACTTC-1	2
GATTAGCAGACTAATG-1	2
GATTAGCAGGTAAGCC-1	3
GATTAGCAGTGAAACT-1	1
GATTAGCCATTATGGC-1	1
GATTAGCGTCGAGAAC-1	3
GATTAGCTCGCCTTAC-1	2
GATTGACAGAGAAGCA-1	1
GATTGACAGGGAAGCG-1	5
GATTGACAGTTGAATG-1	5
GATTGACCACGTTACA-1	3
GATTGACGTACATGGG-1	1
GATTGACGTAGAAGCC-1	2
GATTGACGTGGAAAGA-1	3
GATTGACGTTCATTTC-1	1
GATTGACTCGAACACT-1	1
GCAAAGGAGATCGAGC-1	2
GCAAAGGAGATCTAAG-1	5
GCAAAGGAGTTCGCGC-1	3
GCAAAGGCAACGTCGC-1	3
GCAAAGGCACTGATTG-1	3
GCAAAGGCAGAGAGAA-1	5
GCAAAGGCATAGCAGG-1	3
GCAAAGGGTGCACTTA-1	2
GCAAAGGGTGCGCTCA-1	1
GCAAAGGTCACTCGGG-1	2
GCAAAGGTCCCACTTG-1	1
GCAAAGGTCGACTGGC-1	2
GCAACCGAGAGGCCTA-1	1
GCAACCGAGCGCATTT-1	1
GCAACCGAGCTTACCA-1	5
GCAACCGAGGCACCTC-1	2
GCAACCGAGTCGAGCA-1	2
GCAACCGAGTTTACGC-1	3
GCAACCGCAAACTACC-1	4
GCAACCGCAAGCAACG-1	4
GCAACCGCAAGCGGTA-1	2
GCAACCGCAAGTTCGT-1	5
GCAACCGCAATAGTGA-1	3
GCAACCGCAGCGCGTT-1	3
GCAACCGCATTAGCAC-1	2
GCAACCGGTGGTAGAC-1	1
GCAACCGGTTGCTTGA-1	1
GCAACCGTCACCGCGA-1	4
GCAACCGTCATTCATC-1	2
GCACCTTAGAGGCCTA-1	2
GCACCTTAGAGGTACC-1	3
GCACCTTAGCACACCC-1	5
GCACCTTAGCAGGACT-1	5
GCACCTTAGGTGAACC-1	2
GCACCTTAGTACCACT-1	4
GCACCTTCAATTCAGC-1	3
GCACCTTCAGTTGCAT-1	1
GCACCTTCATCATCGA-1	3
GCACGCAAGAAGAGTG-1	4
GCACGCAAGAATGCTA-1	1
GCACGCAAGACACGGT-1	2
GCACGCAAGAGAACCC-1	1
GCACGCACAGGGTAAC-1	4
GCACGCACATCATCGA-1	2
GCACGCACATCTGCAA-1	5
GCACGCACATTCACGA-1	3
GCACGCATCGAACACT-1	3
GCACGCATCGTGTGCG-1	2
GCACGGTAGAAGACTT-1	4
GCACGGTAGCTTACCA-1	4
GCACGGTCACGGCCAT-1	5
GCACGGTTCTAGCAGT-1	3
GCACGGTTCTGGACAT-1	4
GCAGATTAGGTAAGCC-1	1
GCAGATTCAGTAGTCT-1	2
GCAGATTGTATCCCTC-1	3
GCAGATTGTTTAAGCC-1	3
GCAGATTGTTTAGACC-1	1
GCAGATTTCCCTACCA-1	3
GCAGATTTCGCACCTT-1	1
GCAGCCAAGCTGAATA-1	2
GCAGCCAAGGCACTAG-1	2
GCAGCCAAGGGTTCCC-1	4
GCAGCCAAGGTCACTT-1	2
GCAGCCAGTAGGTAAT-1	1
GCAGCCAGTCGATTAC-1	2
GCAGCCATCGCAACTA-1	1
GCAGCCATCTATATCC-1	3
GCAGCCATCTGCCGAG-1	2
GCAGCTGAGAGCCACA-1	4
GCAGCTGAGAGCTGTG-1	1
GCAGCTGCAAGACTAA-1	1
GCAGCTGCAAGATGCG-1	1
GCAGCTGCAGGTAGGT-1	3
GCAGCTGTCCATCTAT-1	3
GCAGCTGTCGTCTAGA-1	2
GCATGATAGTAATCAG-1	4
GCATGATAGTACCCAT-1	3
GCATGATCAAATGTCC-1	3
GCATGATCAGAACGAC-1	3
GCATGATCAGACTAAA-1	1
GCATGATCAGTGCGAA-1	2
GCATGATGTATTTGCG-1	5
GCATGATGTCAGCTTA-1	4
GCATGATTCAATGCAC-1	3
GCATGATTCTTACCTA-1	5
GCATTCCCAGTGCTCG-1	1
GCATTCCCATGCCCTT-1	2
GCATTCCCATTAGCAC-1	1
GCATTCCCATTTGTTC-1	1
GCATTCCTCAGTGGTT-1	2
GCATTCCTCTTGTGCC-1	4
GCATTGAAGGCTGGAT-1	1
GCATTGAAGTCCGTGC-1	2
GCATTGACAGACTAAA-1	1
GCATTGAGTATTGTCG-1	5
GCATTGAGTTTGTACG-1	2
GCATTGATCGAAGCCC-1	2
GCATTGATCTTGTACT-1	2
GCCAGACAGGGTTCTT-1	3
GCCAGACCAAAGAGAG-1	1
GCCAGACCACAAGGGT-1	1
GCCAGACGTACGGATG-1	5
GCCAGACGTCAAGACG-1	5
GCCAGACGTGGCCTTG-1	5
GCCAGACTCCGGGCAT-1	4
GCCAGACTCTTCTTCC-1	3
GCCAGCAAGACGCCCT-1	4
GCCAGCAAGTGCTCGC-1	1
GCCAGCACAAACCTAC-1	3
GCCAGCACAGTAGGCA-1	3
GCCAGCAGTCTGTTGA-1	1
GCCAGCAGTGCAGACA-1	2
GCCAGCAGTGCTGTGC-1	2
GCCAGCAGTGGCCTTG-1	5
GCCAGCATCCAATAGC-1	1
GCCAGCATCCCAATAG-1	3
GCCAGCATCCTATCAT-1	1
GCCAGCATCCTTTGAT-1	1
GCCAGCATCTCGGCGA-1	2
GCCAGCATCTCTGACC-1	2
GCCAGCATCTTCCACG-1	5
GCCATAAAGATGTTGA-1	5
GCCATAAGTAGAAAGG-1	6
GCCATAAGTCCAACCG-1	1
GCCATAAGTTACGAAA-1	1
GCCATAATCTCTATTG-1	1
GCCCAGAAGTACAGAT-1	4
GCCCAGACAACGTAGG-1	2
GCCCAGACAAGTCTCA-1	1
GCCCAGACATTACACG-1	3
GCCCAGAGTCCGTGCA-1	6
GCCCAGATCGGATGTT-1	1
GCCCAGATCTACCCGT-1	3
GCCCGAAAGACTTCCA-1	1
GCCCGAATCAGAATGA-1	3
GCCCGAATCCACCTAC-1	2
GCCCGAATCGAGAAGC-1	2
GCCTACTAGGTTAGTA-1	5
GCCTACTAGTTACCAC-1	3
GCCTACTCAGCTGATT-1	3
GCCTACTCAGGTCCTG-1	1
GCCTACTGTAGTACAA-1	3
GCCTACTGTGGTAAGC-1	4
GCCTACTTCATCGCAA-1	4
GCCTAGGAGTTCAACC-1	3
GCCTAGGCAGAACAGC-1	5
GCCTAGGCATAGTCCA-1	2
GCCTAGGGTGTGTGTT-1	2
GCCTAGGGTTCTACCC-1	2
GCCTAGGGTTTGATCG-1	1
GCCTAGGTCCCGATTC-1	1
GCCTAGGTCTTATCAC-1	2
GCGAGAAAGACCCTAT-1	2
GCGAGAAAGACCTATC-1	3
GCGAGAAAGTACAGAT-1	2
GCGAGAAAGTACCTCA-1	3
GCGAGAAAGTACGCGA-1	5
GCGAGAACACTGAAGG-1	3
GCGAGAACAGAGAGAA-1	4
GCGAGAATCCAAGTCA-1	1
GCGAGAATCCCAATAG-1	2
GCGAGAATCCCTAAAG-1	3
GCGAGAATCGGGAAAC-1	1
GCGAGAATCTATCTAC-1	2
GCGAGAATCTCGTGAA-1	2
GCGAGTCAGACTCGGA-1	2
GCGAGTCAGCGCACAA-1	2
GCGAGTCAGGCAGTGT-1	3
GCGAGTCAGTGAAGGA-1	2
GCGAGTCCAATGGTAA-1	2
GCGAGTCGTAACCATC-1	2
GCGAGTCTCCAGTTAG-1	4
GCGATCGAGCTTCAAC-1	4
GCGATCGCACAGAAGC-1	4
GCGATCGGTACGGTTT-1	3
GCGATCGGTCAATACC-1	4
GCGATCGGTCCCGTGA-1	1
GCGATCGTCCAAGTCA-1	3
GCGATCGTCGATGTAC-1	3
GCGATCGTCTGACATG-1	5
GCGATTAAGACCTATC-1	3
GCGATTAAGCTAGTTC-1	1
GCGATTAAGGTACTCT-1	2
GCGATTAAGTGAGCAC-1	1
GCGATTACACCAAGGA-1	1
GCGATTACACCCTTAC-1	3
GCGATTACACCTGTGG-1	1
GCGATTACAGGACCTC-1	3
GCGATTAGTACATGGG-1	2
GCGATTAGTAGCCATT-1	4
GCGATTAGTCAATACC-1	3
GCGATTATCCGATTGA-1	1
GCGCATGAGGTGATGC-1	5
GCGCATGAGTCTCCAA-1	3
GCGCATGCAAGCAGGT-1	3
GCGCATGCAAGCCTTA-1	5
GCGCATGCAAGTAACA-1	1
GCGCATGCATCCGTAA-1	1
GCGCATGGTACGCCCA-1	1
GCGCATGGTGGATTTC-1	4
GCGCATGTCAAGTTGC-1	1
GCGCATGTCAGGGTTT-1	3
GCGCATGTCCTTACGC-1	2
GCGCATGTCTTACTCA-1	1
GCGCCAAAGAGCTGTG-1	4
GCGCCAAAGCCTTTGA-1	3
GCGCCAAAGTAATGTG-1	4
GCGCCAACAATTCTCT-1	5
GCGCCAACACAGTTAC-1	3
GCGCCAACAGATTTGC-1	5
GCGCCAACAGCGCGTT-1	2
GCGCCAAGTAAGGTCG-1	4
GCGCCAAGTCGCTAGC-1	1
GCGCCAAGTGCTGGCT-1	3
GCGCCAATCCGATTGA-1	4
GCGCCAATCTTCATAC-1	1
GCGGAAAAGAAGCCGT-1	5
GCGGAAAAGATATGTG-1	1
GCGGAAAAGGATGTAT-1	1
GCGGAAAAGTGATAAC-1	2
GCGGAAACAACGCACC-1	3
GCGGAAACAAGCAATA-1	1
GCGGAAACATAGGCGA-1	5
GCGGAAACATCTCTCG-1	1
GCGGAAACATTCACGA-1	3
GCGGAAAGTACGTAAA-1	5
GCGGAAAGTGAATGTA-1	1
GCGGAAAGTTCAGAAA-1	2
GCGGAAATCACGTGTA-1	3
GCGGGTTAGCGTCAAG-1	3
GCGGGTTAGTGAATAC-1	3
GCGGGTTCACCAAGGA-1	2
GCGGGTTCACGGTTAT-1	6
GCGGGTTGTACGTAGG-1	4
GCGGGTTGTATCTAGC-1	4
GCGGGTTTCCATAACG-1	4
GCGGGTTTCTCCTTGG-1	4
GCGGTGTAGATGGCAC-1	3
GCGGTGTAGGAACCGT-1	4
GCGGTGTAGGAGGCGA-1	1
GCGGTGTAGTTTACGC-1	2
GCGGTGTCAACAACTC-1	1
GCGGTGTGTAACCCAT-1	3
GCGGTGTGTGCTAGTT-1	2
GCGGTGTGTTCGGGAA-1	3
GCGGTGTTCGATGAAA-1	3
GCGGTGTTCGTGAACT-1	2
GCGGTGTTCTGAGTAC-1	1
GCGTAGCAGACTTGAA-1	2
GCGTAGCAGAGATTAC-1	3
GCGTAGCAGATATGTG-1	1
GCGTAGCAGATTCCGT-1	5
GCGTAGCAGGAAACTT-1	2
GCGTAGCGTAGCAGGT-1	1
GCGTAGCTCCACGCTT-1	6
GCGTAGCTCCTCAAGA-1	1
GCGTTGGAGAGAACCC-1	2
GCGTTGGAGGTTACAA-1	3
GCGTTGGAGGTTGTTC-1	3
GCGTTGGCAAGCGACA-1	2
GCGTTGGCAATTGGCT-1	2
GCGTTGGCAGGTCTGC-1	2
GCGTTGGCATCGTGAT-1	2
GCGTTGGGTAAAGGCC-1	1
GCGTTGGGTAACGGCA-1	2
GCGTTGGGTACGGAGT-1	1
GCGTTGGGTGTACGCC-1	3
GCGTTGGGTTTCTCTA-1	2
GCGTTGGTCAGTCAAC-1	2
GCGTTGGTCTCTGCAC-1	2
GCTCACTAGTAACATG-1	1
GCTCACTCAACTAGAA-1	1
GCTCACTCATGCGCTG-1	4
GCTCACTGTCCATTGA-1	1
GCTCACTGTCCTATTT-1	3
GCTCACTGTGAGTCGA-1	2
GCTCACTGTGCTAGTT-1	6
GCTCACTGTTCTACCC-1	1
GCTCACTTCCTGTAGA-1	1
GCTCAGGAGATTACGA-1	5
GCTCAGGAGCCCATTA-1	4
GCTCAGGAGGGACGTT-1	4
GCTCAGGCAAAGCATA-1	4
GCTCAGGCAACGTCCG-1	1
GCTCAGGGTGATTCCA-1	3
GCTCAGGGTGGACAGT-1	1
GCTCAGGGTGGATTCT-1	1
GCTCAGGTCCAATAGC-1	2
GCTCAGGTCTGACATG-1	3
GCTCAGGTCTTCACTA-1	5
GCTCCTAAGGCCTCGT-1	3
GCTCCTAAGGGTAGTC-1	3
GCTCCTAAGTCCCGCA-1	5
GCTCCTACAAAGGTCG-1	5
GCTCCTACAACTTGGT-1	1
GCTCCTACAAGCGGTA-1	2
GCTCCTACACAGATGG-1	5
GCTCCTACACATCATG-1	3
GCTCCTAGTCGCTACG-1	2
GCTCCTAGTGCTGAAG-1	4
GCTCCTAGTTTGACCA-1	3
GCTCCTATCCATGTTT-1	1
GCTCCTATCCTCATTA-1	1
GCTCGAGAGAATAGTC-1	3
GCTCGAGAGAGCTACG-1	2
GCTCGAGAGCTAGCAG-1	3
GCTCGAGAGGTGTTGG-1	4
GCTCGAGAGTACTCTG-1	4
GCTCGAGCACCTATTT-1	3
GCTCGAGGTGCTGTGC-1	5
GCTCGAGGTGCTTTGA-1	1
GCTCGAGGTTCTGAGT-1	4
GCTCGAGTCACTCGTC-1	2
GCTCGAGTCGAGGTAG-1	3
GCTCGAGTCGGGAAAC-1	1
GCTCGAGTCTCCAACC-1	1
GCTGAGCAGCGTAGCA-1	5
GCTGAGCAGTGCCCTG-1	3
GCTGAGCCAAAGCTGG-1	1
GCTGAGCCAGTGCGTC-1	2
GCTGAGCGTTAGGCTT-1	3
GCTGAGCTCCGGAAAG-1	3
GCTGCGAAGTGTGTAA-1	1
GCTGCGACACTTTGGA-1	2
GCTGCGACATCGCTAA-1	1
GCTGCGAGTAGGGTCA-1	3
GCTGCGAGTCACAGGA-1	3
GCTGCGAGTTAACTCG-1	1
GCTGCGATCTTTATCG-1	2
GCTGTTCCAATTGCCA-1	1
GCTGTTCCACTCCCAT-1	2
GCTGTTCCACTCGTGG-1	1
GCTGTTCCAGGCATCC-1	2
GCTGTTCTCAAGAGGC-1	1
GCTGTTCTCCACTAGA-1	2
GCTGTTCTCTCGCGGA-1	2
GCTTAAGAGATCGCCC-1	1
GCTTAAGCACAATAAG-1	3
GCTTAAGCACTCAGCG-1	4
GCTTAAGCAGGTCTGC-1	3
GCTTAAGCATTAGCAC-1	3
GCTTAAGCATTTCTTG-1	2
GCTTAAGGTCTGGTCG-1	5
GCTTAAGGTTACGGAG-1	2
GCTTAAGTCCCACTAC-1	6
GCTTGCTCAATGCACT-1	4
GCTTGCTCAATTGCCA-1	5
GCTTGCTCAGGGAGTT-1	2
GCTTGCTGTTCTCGAA-1	3
GCTTGCTTCCCGGGTA-1	2
GCTTTCGAGAAATCTG-1	3
GCTTTCGAGCTCGTTA-1	3
GCTTTCGAGTAGTTCC-1	4
GCTTTCGAGTGATAAC-1	1
GCTTTCGCACTTATGG-1	4
GCTTTCGCAGAAAGAG-1	2
GCTTTCGCAGGGTACA-1	2
GCTTTCGCAGTTCGGC-1	2
GCTTTCGCATTGCGAT-1	2
GCTTTCGGTGAGTCGA-1	3
GCTTTCGTCAGGTTTG-1	1
GCTTTCGTCCAATAGC-1	5
GCTTTCGTCGCGATGC-1	1
GGAACCCAGACTTGAA-1	5
GGAACCCAGATTACGA-1	1
GGAACCCCAAGGAAGA-1	5
GGAACCCCAGTTGCAT-1	2
GGAACCCCATTGATGC-1	1
GGAACCCCATTTGGTG-1	1
GGAACCCGTAGAGAGA-1	2
GGAACCCGTTCTGAAC-1	1
GGAACCCTCTATATCC-1	3
GGAACCCTCTCAGATG-1	2
GGAACTTAGACTAATG-1	2
GGAACTTAGTCAGGAC-1	2
GGAACTTCACTCGCAG-1	3
GGAACTTGTACTAGAA-1	3
GGAACTTGTATCACAC-1	1
GGAACTTTCACAACAC-1	3
GGAACTTTCGGGATCC-1	5
GGAATCTAGTCAGGAC-1	5
GGAATCTAGTCGTGAG-1	3
GGAATCTCAATAGCGG-1	1
GGAATCTCACACTAGT-1	2
GGAATCTGTATGGATA-1	1
GGAATCTGTCAGACGA-1	2
GGAATCTGTCAGGCTC-1	2
GGAATCTTCAGGAAGC-1	4
GGAATCTTCGAGTTAC-1	2
GGAATCTTCTTGTCAT-1	3
GGACACCAGAACCATA-1	3
GGACACCCAGATACAA-1	1
GGACACCCAGTGCGAA-1	1
GGACACCGTAATGTGA-1	5
GGACACCGTATCACAC-1	5
GGACACCGTCAGACGA-1	2
GGACACCGTCTCTGGG-1	3
GGAGAACAGGGATCCA-1	2
GGAGAACAGTGAAGGA-1	2
GGAGAACCAGTAAGCG-1	2
GGAGAACCAGTTAAAG-1	4
GGAGAACCATAGAATG-1	2
GGAGAACGTACAAGCG-1	2
GGAGAACGTACGGTTT-1	2
GGAGAACTCCACGGCA-1	1
GGAGAACTCTGCGTCT-1	5
GGAGGATAGCCGCAAA-1	2
GGAGGATAGTTGAATG-1	6
GGAGGATCAGGGTACA-1	1
GGAGGATCATCAGAAA-1	3
GGAGGATGTATTGTGC-1	5
GGAGGATGTCTCAAAC-1	2
GGAGGATGTTAACCAC-1	2
GGAGGATGTTGCAGCC-1	1
GGAGGATTCCCGAAGC-1	2
GGAGTAGAGGGTTCCC-1	2
GGAGTAGCACTCGTGG-1	3
GGAGTAGGTACCGGCT-1	2
GGAGTAGGTACTAGAA-1	1
GGAGTAGGTGGGTAGT-1	2
GGAGTAGGTTCTGAAC-1	2
GGAGTAGGTTCTGAGT-1	2
GGAGTAGTCAGTGTGT-1	1
GGAGTAGTCGATGTGT-1	1
GGAGTAGTCTGGCTAA-1	2
GGATAGGAGAAAGCAG-1	2
GGATAGGAGATGTTGA-1	3
GGATAGGAGGTGTCGA-1	5
GGATAGGCAATAGCGG-1	2
GGATAGGGTCCGGTAC-1	3
GGATAGGGTGAGTAAT-1	4
GGATAGGGTGCAGACA-1	3
GGATAGGGTGGAAGCT-1	1
GGATAGGTCACGGGTC-1	5
GGATAGGTCCATACCC-1	1
GGATGAGAGACCAATA-1	2
GGATGAGAGAGGCCTA-1	1
GGATGAGAGAGTGGAA-1	2
GGATGAGAGATCTAAG-1	4
GGATGAGAGCACACCC-1	3
GGATGAGAGTGATATG-1	1
GGATGAGAGTGTCACT-1	2
GGATGAGCAACGAGGT-1	1
GGATGAGCAATCCATG-1	5
GGATGAGCAATGGTAA-1	2
GGATGAGCATCCCAAA-1	3
GGATGAGGTTCTCGAA-1	2
GGATGAGTCGCTGATA-1	5
GGATGAGTCTGTGTCC-1	3
GGATGAGTCTTTATCG-1	1
GGCACGTAGGCACCTC-1	2
GGCACGTAGGGCATTG-1	1
GGCACGTAGTAACACA-1	3
GGCACGTGTCATCGTA-1	1
GGCACGTGTTAACCAC-1	5
GGCACGTTCAGCACTA-1	1
GGCACGTTCCACACCT-1	1
GGCACGTTCCGAATTG-1	4
GGCACGTTCCTCCAGT-1	5
GGCATTAAGGCTTCGC-1	1
GGCATTACACTTACAG-1	1
GGCATTAGTATGGATA-1	2
GGCATTAGTCAGTGTT-1	2
GGCATTAGTGAATACA-1	2
GGCATTAGTGCGCATC-1	1
GGCATTAGTTTGCCAA-1	1
GGCATTATCATGTTCT-1	2
GGCATTATCGAGGCTC-1	3
GGCATTATCTGGCTAA-1	2
GGCGAAAAGCCTGTAT-1	1
GGCGAAAAGGAAGGTA-1	1
GGCGAAAAGGATCCTT-1	1
GGCGAAAAGGGTTCCC-1	5
GGCGAAAAGTACCACT-1	1
GGCGAAACAAATGTCC-1	3
GGCGAAACAAGACACG-1	3
GGCGAAACACCGATCG-1	2
GGCGAAAGTCAGCTTA-1	1
GGCGAAAGTGGTGGTA-1	4
GGCGAAAGTTAACCAC-1	3
GGCGAAATCAAACCCA-1	1
GGCGAAATCACAGGGA-1	2
GGCGAAATCCGCCTAT-1	2
GGCGAAATCGATGCAT-1	5
GGCGAAATCTGTTTAC-1	2
GGCGAAATCTTCATAC-1	2
GGCGAAATCTTCTTCC-1	2
GGCGTTGCAATACTGC-1	2
GGCGTTGCACACATTG-1	1
GGCGTTGCACCTTGTC-1	2
GGCGTTGCACGATATC-1	3
GGCGTTGGTAAACGAT-1	2
GGCGTTGGTGCTTTGA-1	2
GGCGTTGGTTTGACCA-1	1
GGCGTTGTCAAGAGGC-1	1
GGCGTTGTCGCCTTAC-1	1
GGCGTTGTCGTCTAGA-1	2
GGCGTTGTCTTATCAC-1	1
GGGAACAAGAAAGGGT-1	4
GGGAACAAGAATCAAC-1	1
GGGAACAAGACCGCAA-1	1
GGGAACAAGAGGAATG-1	3
GGGAACAAGGCAAGCT-1	1
GGGAACAAGTCCCTCT-1	2
GGGAACAAGTGGACGT-1	1
GGGAACAAGTTAGAGT-1	1
GGGAACACAGGTAACG-1	3
GGGAACAGTAATGTAG-1	1
GGGAACAGTACGCCCA-1	3
GGGAACAGTCCCTAAA-1	3
GGGAACATCAGTCTTT-1	1
GGGAACATCCGAGAGA-1	1
GGGAACATCCTCCATG-1	4
GGGAACATCGGGAATG-1	4
GGGACCTAGAGCAGCT-1	2
GGGACCTAGCGTTAGG-1	2
GGGACCTGTCATAAGA-1	3
GGGACCTGTGGCATAG-1	3
GGGACCTGTTAGGCTT-1	1
GGGACCTGTTTCTCTA-1	4
GGGACCTTCATTCTCA-1	1
GGGACCTTCCTTCGAC-1	3
GGGACCTTCGTCTTAT-1	4
GGGCCATAGCATTGGG-1	2
GGGCCATAGTCTGGGA-1	2
GGGCCATAGTGATATG-1	1
GGGCCATCATCGAGTT-1	3
GGGCCATGTGATAAGT-1	4
GGGCCATGTGGCCTCA-1	4
GGGCCATGTTTAGAAG-1	3
GGGCCATTCCACGCTT-1	5
GGGCCATTCGAGGCTC-1	2
GGGCCATTCGTCAACA-1	2
GGGCCATTCTATCTTG-1	1
GGGTCTGAGAAAGCAG-1	2
GGGTCTGAGCGTAGCA-1	3
GGGTCTGAGGAGAACA-1	1
GGGTCTGAGTACCTCA-1	2
GGGTCTGCACTCGGAC-1	2
GGGTCTGCAGCAATGG-1	2
GGGTCTGCAGTTACAC-1	4
GGGTCTGCATTAGCAC-1	2
GGGTCTGGTATTCGAC-1	1
GGGTCTGGTATTTGCG-1	3
GGGTCTGGTCGATAGG-1	2
GGGTCTGGTGTGTGCC-1	3
GGGTCTGGTTAAGTCC-1	1
GGGTCTGTCAGCACTA-1	2
GGGTCTGTCATCGCTC-1	2
GGGTCTGTCGCGTGAC-1	1
GGGTCTGTCTGCCGAG-1	1
GGGTGTCAGATGCGAC-1	1
GGGTGTCAGCGTATCT-1	5
GGGTGTCGTACGCCCA-1	4
GGGTGTCGTACTAGAA-1	4
GGGTGTCGTCTCTGGG-1	2
GGGTGTCGTTGCAGAG-1	4
GGGTGTCGTTTCTACT-1	2
GGGTGTCTCCGATGCG-1	3
GGGTGTCTCGGAAAGC-1	1
GGGTGTCTCTGAACGT-1	5
GGGTGTCTCTTAACGG-1	3
GGGTGTCTCTTACTCA-1	2
GGGTTATAGGGTCCCT-1	4
GGGTTATAGTTGACAA-1	5
GGGTTATCAACTAGAA-1	2
GGGTTATGTACGTAAA-1	1
GGGTTATTCCAACAAC-1	3
GGGTTATTCCGTCAAA-1	4
GGGTTATTCGACTTAG-1	2
GGGTTATTCGGCATAT-1	5
GGTACCGCAATGTAAG-1	1
GGTACCGCAGGCATTT-1	1
GGTACCGCATAAAGTG-1	2
GGTACCGCATGGTATC-1	3
GGTACCGGTAGGTCTT-1	3
GGTACCGGTATTGTCG-1	3
GGTACCGGTTTGTCTT-1	4
GGTACCGTCAAGTTGC-1	3
GGTACCGTCGATATGC-1	3
GGTACCGTCTAGCAGT-1	2
GGTACCGTCTAGTCGA-1	1
GGTAGGACAGTTACAC-1	3
GGTAGGAGTGCAGACA-1	1
GGTAGGAGTGCTGTGC-1	4
GGTAGGAGTTCGGGAA-1	5
GGTAGGAGTTGGACGA-1	3
GGTAGGATCTTAATCC-1	2
GGTCATAAGGCTTCGC-1	5
GGTCATACAATGAAAC-1	3
GGTCATACAGCGTACC-1	3
GGTCATACAGTCCTGG-1	1
GGTCATAGTAAGCCTT-1	3
GGTCATAGTGCGCTCA-1	4
GGTCATAGTGCTGTCG-1	3
GGTCATATCAGTGTAC-1	3
GGTGAAGAGAGCGGTT-1	1
GGTGAAGAGCATGTGG-1	5
GGTGAAGAGCCTGGTC-1	3
GGTGAAGAGCTCGTTA-1	3
GGTGAAGAGGCTTCGC-1	2
GGTGAAGCATCCTCGT-1	4
GGTGAAGGTGAATACA-1	3
GGTGCTGAGGGTGTTG-1	1
GGTGCTGCATGGAGGT-1	3
GGTGCTGGTACTAGAA-1	3
GGTGCTGGTCCCTTTG-1	5
GGTGCTGGTCGTAATC-1	4
GGTGCTGGTTGCAGCC-1	3
GGTGCTGGTTTGCATG-1	1
GGTGCTGTCTATCTAC-1	2
GGTGTCGAGAAACGCC-1	6
GGTGTCGCAAGGAAGA-1	2
GGTGTCGCACCCTTAC-1	6
GGTGTCGCACTCAGCG-1	5
GGTGTCGCATCATAGC-1	2
GGTGTCGGTGACCAGA-1	3
GGTGTCGTCACCCTTG-1	4
GGTTGCGAGCTGAGGT-1	4
GGTTGCGAGCTTCAAC-1	2
GGTTGCGAGGGTTCCC-1	5
GGTTGCGAGTCCGTGC-1	3
GGTTGCGAGTGTAATG-1	3
GGTTGCGCACCTACCT-1	3
GGTTGCGCATTCTTTG-1	5
GGTTGCGGTACGGAGT-1	2
GGTTGCGGTGCTTTGA-1	5
GGTTGCGTCCCTATTA-1	3
GGTTGCGTCCTCAAGA-1	2
GTAATCGAGTGCTCGC-1	3
GTAATCGCAAAGCATA-1	2
GTAATCGCAAGAGATT-1	2
GTAATCGCAAGGGAGG-1	2
GTAATCGCAGATTAAG-1	2
GTAATCGCAGTAAGAT-1	2
GTAATCGCAGTTGGAG-1	5
GTAATCGTCCAAACCA-1	2
GTAATCGTCGGTTAGT-1	3
GTAATCGTCTTGTACT-1	3
GTACTTTAGGCCTAAG-1	4
GTACTTTCAAACCCTA-1	5
GTACTTTCACACATTG-1	2
GTACTTTCAGAACAGC-1	1
GTACTTTCAGGGTACA-1	2
GTACTTTCATCATAGC-1	1
GTACTTTCATTCTTTG-1	1
GTACTTTGTAACAATG-1	1
GTACTTTGTCCAAGTT-1	3
GTACTTTGTCTTAGCA-1	3
GTAGACTAGTTACCAC-1	2
GTAGACTCAAAGGAAG-1	4
GTAGACTCATCACAGT-1	1
GTAGACTCATGGCCGT-1	4
GTAGACTGTACGTAGG-1	4
GTAGACTGTGAGGGTT-1	1
GTAGACTGTTGGCTTA-1	1
GTAGACTTCCGTCAAA-1	2
GTAGGAGAGTACAGAT-1	1
GTAGGAGCAACATAAG-1	3
GTAGGAGCACACATTG-1	3
GTAGGAGCATCAGAAA-1	1
GTAGGAGCATGGTATC-1	2
GTAGGAGGTAGTAACA-1	3
GTAGGAGGTTGCCGCA-1	3
GTAGGAGTCACTGGTA-1	3
GTAGGAGTCAGTCTTT-1	1
GTAGGAGTCCCACTAC-1	1
GTAGGAGTCGATAGTC-1	3
GTAGGAGTCGTTCAGA-1	1
GTAGTACAGATGTTGA-1	4
GTAGTACAGGGCTTCC-1	1
GTAGTACAGTCTGTGT-1	3
GTAGTACAGTGTCGCC-1	1
GTAGTACCACCGAAAG-1	3
GTAGTACCATTGCACA-1	1
GTAGTACGTAGCGGTA-1	2
GTAGTACGTCCAACCG-1	1
GTAGTACGTTCCCAAA-1	3
GTAGTACTCACCCTTG-1	3
GTCACAACAGCAACGA-1	1
GTCACAAGTAGGGTTG-1	2
GTCACAAGTCAGAAAT-1	3
GTCACAAGTCGTAGTT-1	4
GTCACAAGTCTAACCA-1	1
GTCACCTAGCAGTAGC-1	2
GTCACCTCACTAGCCG-1	3
GTCACCTGTAGTTTGC-1	3
GTCACCTGTGCATCAT-1	1
GTCACCTGTGTCGGTC-1	2
GTCACCTTCACTTACT-1	4
GTCACCTTCGATAGGG-1	1
GTCACCTTCGTAGCGC-1	1
GTCACGGAGACACTTC-1	2
GTCACGGAGTACTCTG-1	1
GTCACGGAGTAGCAAT-1	3
GTCACGGCAACAAACA-1	2
GTCACGGCACGCTAAT-1	3
GTCACGGCACTAGCCG-1	1
GTCACGGTCCTTCGAC-1	2
GTCACGGTCGGTCTCT-1	3
GTCACTCCAACTCGAT-1	5
GTCACTCGTACGGAGT-1	2
GTCACTCTCCGGAAAG-1	2
GTCACTCTCGCTTCAC-1	3
GTCACTCTCTGGCACG-1	1
GTCCATCAGTGTCGGA-1	3
GTCCATCCACGTTAGT-1	2
GTCCATCGTGCTGTGC-1	3
GTCCATCGTTACCCAA-1	3
GTCCATCTCAGGTCTA-1	1
GTCGTAAAGGGACGTT-1	1
GTCGTAAAGGTCTTTG-1	1
GTCGTAAAGTTCCCGG-1	1
GTCGTAACATCATGTG-1	3
GTCGTAAGTATCCCTC-1	2
GTCGTAAGTGAATCGG-1	1
GTCGTAAGTGCATCAT-1	2
GTCGTAAGTTGTCGGC-1	3
GTCGTAATCATGAACC-1	2
GTCGTAATCCATGTTT-1	2
GTCGTAATCGAGTGTT-1	4
GTCGTAATCTTACGGA-1	4
GTCTACCAGATTGACA-1	3
GTCTACCCAACCTCTC-1	3
GTCTACCCAACGTCCG-1	3
GTCTACCCACACATGT-1	4
GTCTACCCACTAGCCG-1	2
GTCTACCCAGCGTCGT-1	4
GTCTACCCATGGCCGT-1	1
GTCTACCGTAAGCCGA-1	1
GTCTACCGTGGCGCTT-1	2
GTCTACCGTGTCCTTC-1	1
GTCTACCGTTTGATCG-1	5
GTCTACCTCACAGGGA-1	2
GTCTACCTCCTGTAGA-1	3
GTCTACCTCGATCGCG-1	1
GTCTACCTCGGTCCGA-1	3
GTCTACCTCGTTCCGT-1	1
GTGACATAGAACGACC-1	3
GTGACATAGAATCAGT-1	3
GTGACATAGCATTGGG-1	3
GTGACATCACAGGAAC-1	1
GTGACATCAGAACGAC-1	4
GTGACATCAGTAACTC-1	1
GTGACATGTACGTAAA-1	1
GTGACATGTAGACGCA-1	3
GTGACATGTGACCAGA-1	2
GTGACATGTTACTTTC-1	1
GTGACATGTTTGATCG-1	1
GTGACATTCTACTGCC-1	3
GTGACATTCTCCAACC-1	3
GTGATCAAGAAATTCG-1	4
GTGATCAAGACAGCTG-1	2
GTGATCACAAAGAAGG-1	2
GTGATCACACTGATAC-1	2
GTGATCACAGAGATGC-1	1
GTGATCACATTAAGGA-1	4
GTGATCATCGAGAAGC-1	4
GTGATCATCTATAGGC-1	3
GTGCACGAGGAATGGA-1	3
GTGCACGAGGATCCTT-1	2
GTGCACGAGGGAGTTC-1	1
GTGCACGCACTGATAC-1	2
GTGCACGCATTGTGAC-1	3
GTGCACGGTACTAGAA-1	1
GTGCACGGTATGGTTC-1	1
GTGCACGGTCCAAGTT-1	1
GTGCACGGTCCGCTTT-1	2
GTGCACGGTGGTCGAA-1	2
GTGCACGTCATGAACC-1	1
GTGCACGTCGCTTCAC-1	2
GTGCCAGAGCGTAGCA-1	2
GTGCCAGAGCTGATTC-1	2
GTGCCAGAGGATCCTT-1	1
GTGCCAGAGGCGTAGT-1	3
GTGCCAGAGGCTCCTG-1	3
GTGCCAGCAATAGTGA-1	1
GTGCCAGCACCTGTGG-1	2
GTGCCAGCACTGGGCT-1	1
GTGCCAGGTATTCTCT-1	1
GTGCCAGGTCAGCTTA-1	6
GTGCCAGGTGTACGCC-1	2
GTGCCAGTCCAGGTCG-1	3
GTGCCAGTCTTTGCAT-1	2
GTGCTGGCAGCACATT-1	1
GTGCTGGGTCGAGGAT-1	3
GTGCTGGGTGGACAGT-1	1
GTGCTGGGTTACGGAG-1	2
GTGCTGGGTTCCAATG-1	1
GTGCTGGTCGCTCGGA-1	4
GTGCTGGTCTGAACGT-1	5
GTGCTGGTCTTACGGA-1	4
GTGGATTAGTCTCGAT-1	2
GTGGATTCAACAAACA-1	1
GTGGATTCAACAACTC-1	4
GTGGATTCACAGCCAC-1	4
GTGGATTCAGTAGGCA-1	1
GTGGATTCAGTTACAC-1	4
GTGGATTTCTAGCTGA-1	1
GTGGCGTAGAGAGTAG-1	5
GTGGCGTAGGGATCCA-1	3
GTGGCGTAGTGGTGTG-1	3
GTGGCGTCACGCCGAT-1	3
GTGGCGTGTACCCATA-1	3
GTGGCGTGTAGTCTGT-1	3
GTGGCGTGTATACGCT-1	2
GTGGCGTGTGATGCTT-1	3
GTGGCGTGTGGATTTC-1	2
GTGGCGTTCAACGTGT-1	4
GTGGCGTTCCGTGCGA-1	1
GTGGCGTTCGATGTGT-1	3
GTGGCGTTCGTCTAGA-1	3
GTGGCGTTCTAGCAGT-1	4
GTGTCAAAGGAATGGA-1	2
GTGTCAAAGTTACCAC-1	1
GTGTCAAAGTTAGCGG-1	2
GTGTCAAGTGCGTCCA-1	4
GTGTCAAGTTACCACA-1	4
GTGTCAAGTTGCAGAG-1	2
GTGTCAATCGGCATAT-1	4
GTGTCCTAGTACGCGA-1	1
GTGTCCTAGTGTCCCG-1	1
GTGTCCTCAATTCGTG-1	2
GTGTCCTGTAACCATC-1	4
GTGTCCTGTTGCTTGA-1	2
GTGTCCTGTTGTATCG-1	1
GTGTCCTTCATGTTCT-1	1
GTGTGATCACCGATCG-1	2
GTGTGATCATGGGACA-1	3
GTGTGATGTAATGCCT-1	2
GTGTGATGTATGGATA-1	6
GTGTGATGTGATCAGG-1	1
GTGTGATGTGCACTTA-1	1
GTGTGATTCAAGAGAT-1	1
GTGTGATTCAAGAGGC-1	1
GTGTGATTCACCACAA-1	1
GTTACGAAGAGTCCGA-1	1
GTTACGAAGTGAACCG-1	3
GTTACGACACACACAT-1	1
GTTACGACATGCCTTC-1	3
GTTACGACATGCGTTA-1	2
GTTACGAGTGCGCATC-1	5
GTTACGATCACTGGTA-1	5
GTTACGATCGAACACT-1	1
GTTACTTAGCAGAATT-1	3
GTTACTTAGGCATGCA-1	5
GTTACTTAGGTCCTCG-1	2
GTTACTTAGTGAACCG-1	1
GTTACTTCAAAGGAAG-1	4
GTTACTTCAACTGCGC-1	3
GTTACTTCATGTCCCT-1	2
GTTACTTGTCCTCAGG-1	2
GTTACTTTCATGCTTT-1	3
GTTACTTTCCAACAAC-1	5
GTTACTTTCCCGGGTA-1	1
GTTACTTTCGACCCGA-1	5
GTTATGGAGAGGTACC-1	1
GTTATGGAGCGTAGCA-1	2
GTTATGGAGTCAGCCC-1	2
GTTATGGCACTGTCGG-1	3
GTTATGGCAGGTGTGA-1	3
GTTATGGGTACTAGAA-1	2
GTTATGGGTAGATTAG-1	3
GTTATGGGTAGCATGG-1	2
GTTATGGGTATTGTGC-1	2
GTTATGGGTGATAGAT-1	1
GTTATGGGTGCGTCCA-1	1
GTTATGGGTTCGGGAA-1	1
GTTATGGTCACGTCAA-1	1
GTTATGGTCACTCGGG-1	1
GTTATGGTCATCATGG-1	3
GTTATGGTCGCCACTT-1	4
GTTATGGTCGCGCTGA-1	1
GTTATTCAGAACGTTA-1	2
GTTATTCAGCTAACAA-1	3
GTTATTCGTAGCGTTT-1	3
GTTATTCGTAGTTTGC-1	3
GTTATTCGTATTCGCA-1	4
GTTATTCGTGTCCCAG-1	1
GTTATTCTCGGTGATT-1	3
GTTCAAGAGCTATCCA-1	1
GTTCAAGAGGATGTCG-1	1
GTTCAAGAGGTGATGC-1	2
GTTCAAGCAAGATTAG-1	2
GTTCAAGCAGGTAACG-1	1
GTTCAAGGTCAAGACG-1	2
GTTCAAGGTGATGCGA-1	5
GTTCAAGGTTTCAGCA-1	2
GTTCAAGTCCATTGAG-1	4
GTTCAAGTCCGGACTG-1	5
GTTCAAGTCGGAAAGC-1	1
GTTGGGCAGAACCATA-1	4
GTTGGGCAGGCTCAGA-1	2
GTTGGGCCACTGATAC-1	5
GTTGGGCCAGAACAGC-1	2
GTTGGGCTCCGCTATC-1	3
GTTGGGCTCGTCGCAG-1	1
GTTGGGCTCTATTGTC-1	2
GTTGGTACAATCCATG-1	2
GTTGGTAGTCTGCACG-1	4
GTTGGTAGTGAATCGG-1	3
GTTGGTAGTGTCCCAG-1	1
GTTGGTAGTGTCTCGG-1	4
GTTGGTATCAGTCAAC-1	1
GTTGGTATCTCGTGAA-1	3
TAAACCGAGCAGAGCT-1	2
TAAACCGCAAATAGTG-1	3
TAAACCGGTACTATGC-1	4
TAAACCGGTCCAAGAG-1	2
TAAACCGTCTCCCTTT-1	1
TAACAGCAGATCTAAG-1	4
TAACAGCAGATGCGAC-1	5
TAACAGCAGCATGATA-1	3
TAACAGCAGCTCCGGT-1	2
TAACAGCTCAATCGTG-1	2
TAACAGCTCGATATGC-1	1
TAACGGTAGCAGTAGC-1	4
TAACGGTAGCTTTCCC-1	1
TAACGGTCAACTCGAT-1	1
TAACGGTCAAGATGCG-1	3
TAACGGTCACAGGTAG-1	1
TAACGGTCACATTGCA-1	1
TAACGGTCACGCTGTG-1	1
TAACGGTCACGGCCAT-1	5
TAACGGTCATCCATAG-1	2
TAACGGTGTTCTTTCA-1	1
TAACGGTTCCCGCAAG-1	1
TAACGGTTCCCTACGT-1	2
TAACGGTTCGCGTGAC-1	3
TAACGGTTCTCTCAAT-1	1
TAACGGTTCTGTTTAC-1	3
TAACTTCAGAGTCCGA-1	1
TAACTTCAGGGCATTG-1	3
TAACTTCCAATGGTCT-1	2
TAACTTCCATTGATGC-1	5
TAACTTCGTCATCAAC-1	4
TAACTTCGTGCGCATC-1	5
TAACTTCGTGCGTTTA-1	2
TAACTTCTCGCTATTT-1	2
TAAGCCAAGGATCCTT-1	5
TAAGCCACAGAATGCG-1	2
TAAGCCAGTAATGTAG-1	5
TAAGCCAGTGTCCAGC-1	1
TAAGTGCCACACATTG-1	1
TAAGTGCCACGCTGTG-1	2
TAAGTGCTCACTCCCA-1	3
TAAGTGCTCCTTACGC-1	1
TAAGTGCTCTCGACCT-1	1
TAAGTGCTCTGAAAGA-1	1
TAATCGGAGAGTTCGG-1	2
TAATCGGCAGTGCGTC-1	1
TAATCGGGTACAACGG-1	3
TAATCGGGTGGAAGCT-1	2
TAATCGGGTTTGACCA-1	3
TAATCGGTCACAACAC-1	3
TAATCGGTCACCCTTG-1	3
TAATTCCAGGAAGAAC-1	2
TAATTCCAGTCTGCTA-1	2
TAATTCCAGTGAAGGA-1	3
TAATTCCAGTTGCGCC-1	3
TAATTCCCACAAACGG-1	1
TAATTCCCACTGATAC-1	2
TAATTCCGTTTAGACC-1	4
TAATTCCTCAAACCCA-1	3
TAATTCCTCGATGTGT-1	2
TAATTCCTCGCAACTA-1	3
TACAGCAAGCACACCC-1	3
TACAGCAAGTAGTCGG-1	2
TACAGCAAGTCCTTCC-1	2
TACAGCAAGTCGAAAT-1	5
TACAGCACAATACTGC-1	3
TACAGCACATCCTCGT-1	3
TACAGCAGTAACGGAC-1	2
TACAGCATCGATCGCG-1	1
TACAGCATCGCCTTAC-1	5
TACATGGAGAACTCCT-1	1
TACATGGAGACCCTAT-1	1
TACATGGAGAGCTGTG-1	1
TACATGGAGTGCTGAG-1	5
TACATGGCACTGCTCT-1	3
TACATGGCAGAGTCGA-1	2
TACATGGCATGGGTGA-1	3
TACATGGGTACGAGAC-1	2
TACATGGGTCTCTGGG-1	3
TACATGGTCAAGTTGC-1	1
TACATGGTCCTGTAGA-1	3
TACATGGTCGGTGATT-1	1
TACATGGTCGTTGTTT-1	4
TACATTCAGCGTTGCC-1	3
TACATTCAGCTGATTC-1	4
TACATTCCAGATTAAG-1	2
TACATTCCAGCAGGTA-1	2
TACATTCGTGAAACAT-1	5
TACATTCGTGAGCTAG-1	1
TACATTCTCATTCGGA-1	3
TACATTCTCGCTATTT-1	3
TACATTCTCGGTCAGC-1	3
TACCCTGAGTCCGTGC-1	2
TACCCTGAGTCTGGGA-1	5
TACCCTGCACCTACCT-1	2
TACCCTGCACGTTACA-1	1
TACCCTGCAGAAAGAG-1	2
TACCCTGCATGGTATC-1	2
TACCCTGCATTGCACA-1	4
TACCCTGGTCAGTGCC-1	5
TACCCTGTCGGTGATT-1	2
TACCCTGTCGTCTAGA-1	2
TACCTATCAATGCATC-1	3
TACCTATCAGGCAGAT-1	3
TACCTATGTGCATTCA-1	2
TACCTATGTGGACCAA-1	2
TACCTATGTTCTGATG-1	3
TACCTATTCACGGGTC-1	2
TACCTCGAGACGTCAG-1	3
TACCTCGAGCGAGCTA-1	3
TACCTCGAGCGTCAAG-1	2
TACCTCGCAATTCTCT-1	2
TACCTCGCACTGGGCT-1	3
TACCTCGGTCAAATCC-1	3
TACCTCGGTCGTAATC-1	2
TACCTCGGTCTGTGTA-1	4
TACCTCGTCCACCTAC-1	1
TACCTCGTCTATCTAC-1	2
TACGCAACAATGGCAG-1	5
TACGCAATCACTACCC-1	1
TACGCAATCGTGGTAT-1	3
TACGCAATCTGCTACC-1	2
TACGCAATCTGTCGGG-1	2
TACGCCTCAAATGTCC-1	1
TACGCCTCAGACCTGC-1	1
TACGCCTGTGCCCAGT-1	4
TACGCCTTCAGGGTTT-1	4
TACGCCTTCGTCTTAT-1	2
TACGCCTTCTTGCGCT-1	3
TACGGATAGCTATCCA-1	3
TACGGATAGGTCGGTA-1	5
TACGGATCAAGGTTCT-1	2
TACGGATCAGGCACAA-1	2
TACGGATCATCATCGA-1	3
TACGGATCATCCGTAA-1	5
TACGGATCATGCACTA-1	1
TACGGATGTATCTGCA-1	1
TACGGATTCCGAGGAA-1	5
TACGGATTCCGGGCAT-1	4
TACGGATTCTGACTTT-1	1
TACTAGGAGCTCCATA-1	1
TACTAGGAGGTTGACG-1	3
TACTAGGCAGTAAGAT-1	5
TACTAGGCATCCCGGA-1	4
TACTAGGCATGCGCTG-1	2
TACTAGGGTCTGGATT-1	4
TACTAGGGTGCTGTGC-1	3
TACTAGGTCGCAAGCC-1	1
TACTAGGTCTGGCTAA-1	1
TACTCGCAGCGTGTTT-1	2
TACTCGCAGGGCTTCC-1	1
TACTCGCAGGGTGTTG-1	2
TACTCGCAGGTAAGCC-1	4
TACTCGCCAAAGCATA-1	3
TACTCGCCAACGTAGG-1	2
TACTCGCCAAGGCGTA-1	5
TACTCGCCACATAAAG-1	3
TACTCGCCACTTTGGA-1	3
TACTCGCCATTCCCGT-1	1
TACTCGCGTACGAGAC-1	1
TACTCGCTCAGGAAGC-1	5
TACTCGCTCGGCAATT-1	1
TACTCGCTCTATGAGC-1	4
TACTGCCAGAATACTG-1	2
TACTGCCAGAGTTCGG-1	2
TACTGCCAGCATTCCA-1	2
TACTGCCGTACTTGAC-1	2
TACTGCCGTCCTCAGG-1	2
TACTGCCGTTACCACA-1	1
TACTGCCTCAAATGGA-1	1
TACTGCCTCGTGAGTT-1	3
TAGACTGAGGCCAATG-1	2
TAGACTGCAGTAGGCA-1	2
TAGACTGCATGGGAAC-1	2
TAGACTGGTAACATAG-1	4
TAGACTGGTGGTGGTA-1	1
TAGACTGGTTCAGTAC-1	1
TAGACTGGTTTAGACC-1	2
TAGACTGTCCGCCTAT-1	1
TAGACTGTCTTGTGCC-1	5
TAGCACAAGAGGAATG-1	5
TAGCACAAGCGTTGCC-1	3
TAGCACAAGGCTTCGC-1	1
TAGCACAAGTCGCGTC-1	2
TAGCACACAAACGTTC-1	1
TAGCACACAACAAACA-1	6
TAGCACACAGGTAGCA-1	1
TAGCACAGTGTACGCC-1	1
TAGCATGAGACACTTC-1	3
TAGCATGAGACTCGGA-1	2
TAGCATGAGAGCTACG-1	1
TAGCATGAGATCGCCC-1	5
TAGCATGAGGCTTCGC-1	1
TAGCATGAGGGTTCCC-1	2
TAGCATGAGGTCGTTT-1	5
TAGCATGGTACGCAAG-1	5
TAGCATGGTCATAAGA-1	4
TAGCATGGTTCTTTCA-1	3
TAGCATGTCCCTAAAG-1	3
TAGCATGTCTTCGTTA-1	4
TAGCCCTAGAGGCGGA-1	3
TAGCCCTAGTGATCTC-1	3
TAGCCCTCAGATTGTC-1	1
TAGCCCTCAGTAAGAT-1	1
TAGCCCTTCCACCTAC-1	4
TAGCCCTTCGCCAGAC-1	2
TAGCCCTTCTCCACTG-1	3
TAGCCGGAGAGGAACA-1	5
TAGCCGGAGCTGCCAC-1	1
TAGCCGGAGGGATCCA-1	5
TAGCCGGCACTCAAGT-1	5
TAGCCGGGTCATCAAC-1	3
TAGCCGGGTTTCGACA-1	3
TAGCCGGGTTTGCCCT-1	1
TAGCCGGTCAATTCCT-1	5
TAGCCGGTCGCGTGAC-1	2
TAGCCGGTCTGCTACC-1	2
TAGCGGCAGAGAATTC-1	3
TAGCGGCAGCGTTAGG-1	5
TAGCGGCAGGATGCCA-1	1
TAGCGGCCAAGGAGTC-1	2
TAGCGGCCAATACTGC-1	3
TAGCGGCCATCACAGT-1	4
TAGCGGCCATTGATGC-1	4
TAGCGGCTCTCTCAAT-1	4
TAGCGGCTCTTCCACG-1	2
TAGCTTTAGTTAGCGG-1	2
TAGCTTTCATGTGAGG-1	4
TAGCTTTGTGGTCGAA-1	1
TAGCTTTGTTAACCGT-1	3
TAGCTTTTCGTGCTGG-1	1
TAGCTTTTCTGATCCC-1	1
TAGCTTTTCTTGTCGC-1	1
TAGGAGGAGGGTCTGA-1	3
TAGGAGGCAGTGCGTC-1	2
TAGGAGGGTAGATTAG-1	2
TAGGAGGTCCTCCCAA-1	4
TAGGTCAAGGTTGTTC-1	2
TAGGTCAAGTCATACC-1	2
TAGGTCACAAACCCTA-1	2
TAGGTCACACATATCG-1	2
TAGGTCACACTGTCAA-1	1
TAGGTCACACTTGCGG-1	5
TAGGTCACATAGAATG-1	4
TAGGTCAGTCTGTGTA-1	1
TAGGTCAGTGGCCTTG-1	1
TAGGTCATCATTCTCA-1	1
TAGGTCATCCCAGCAG-1	1
TAGGTCATCCGGACTG-1	3
TAGGTCATCTATAGGC-1	1
TAGGTGTAGAAAGGGT-1	2
TAGGTGTCATAGCAGG-1	4
TAGGTGTCATCCTGGG-1	4
TAGGTGTGTAAGTGCG-1	3
TAGGTGTGTGATGCGA-1	3
TAGGTGTGTTCCGGCA-1	1
TAGGTGTGTTTGCATG-1	3
TAGGTGTTCAAATGGA-1	2
TAGGTGTTCAATTCCT-1	4
TAGGTGTTCACTAGCA-1	2
TAGGTGTTCACTCCCA-1	4
TAGGTGTTCAGTGTAC-1	1
TAGGTGTTCGTTGTTT-1	3
TAGGTGTTCTCGGCGA-1	1
TAGTCCCAGACACTTC-1	1
TAGTCCCAGCTACGTT-1	2
TAGTCCCAGTTGGAAT-1	3
TAGTCCCCACAGGTAG-1	2
TAGTCCCGTATCAGCT-1	3
TAGTCCCTCACATTCT-1	1
TAGTCCCTCCAATAGC-1	2
TAGTCCCTCGGCTATA-1	1
TAGTCCCTCGTGGCGT-1	3
TAGTCCCTCTGGCCAG-1	1
TATCGAGAGAGCTACG-1	2
TATCGAGCAGTAAGCG-1	1
TATCGAGGTTGAAGCG-1	2
TATCGAGTCAATTGGC-1	2
TATCGAGTCGATAGTC-1	2
TATCGAGTCGCACCGA-1	3
TATCTGTAGGATGTAT-1	2
TATCTGTAGTGGTGTG-1	5
TATCTGTAGTTCCAGT-1	4
TATCTGTCAATAGTGA-1	2
TATCTGTCATAGAATG-1	3
TATCTGTCATAGTCCA-1	3
TATCTGTCATTAGCAC-1	2
TATCTGTGTCAACTAC-1	2
TATCTGTTCATGAACC-1	2
TATCTGTTCCAGGGAA-1	3
TATCTGTTCGTTCAGA-1	3
TATGTGGAGTAGTTCC-1	2
TATGTGGAGTCGTATC-1	3
TATGTGGGTACTTGAC-1	4
TATGTGGGTTCAGTTG-1	3
TATGTGGTCATCGCCT-1	2
TATGTTCAGAACAGGA-1	1
TATGTTCCACCGTTGG-1	1
TATGTTCCACGCGATC-1	5
TATGTTCGTCATCGTA-1	3
TATGTTCGTGAATGTA-1	2
TATGTTCGTTTCCGGG-1	1
TATGTTCGTTTCGACA-1	4
TATGTTCTCATCATGG-1	3
TATGTTCTCTCCTTGG-1	2
TATTGCTAGAATCAAC-1	2
TATTGCTAGAGTTCGG-1	5
TATTGCTAGATCGATA-1	3
TATTGCTGTAACGTAA-1	5
TATTGCTGTGCAGACA-1	2
TATTGCTGTGTGAGGT-1	2
TATTGCTGTTACGCTA-1	2
TATTGCTGTTCGGGAA-1	4
TATTGCTGTTCTCGAA-1	1
TATTGCTTCTAGTCGA-1	4
TCAAAGCAGCGTATCT-1	3
TCAAAGCAGGAATGGA-1	3
TCAAAGCAGGTGTTGG-1	3
TCAAAGCCAAGGATGC-1	2
TCAAAGCCAATTCAGC-1	3
TCAAAGCCACGGCCAT-1	1
TCAAAGCCAGATGGCA-1	1
TCAAAGCCATGGGTGA-1	5
TCAAAGCGTAGCGTTT-1	2
TCAAAGCGTAGGGTTG-1	1
TCAAAGCGTCAGTGCC-1	1
TCAAAGCGTGCCAAGA-1	2
TCAAGACAGATGCGAC-1	4
TCAAGACAGCCAGAAC-1	3
TCAAGACAGTCGTATC-1	4
TCAAGACCAATGGTAA-1	2
TCAAGACCATGCCCTT-1	2
TCAAGACGTCGCTACG-1	1
TCAAGACGTTTGCCCT-1	2
TCAAGACTCACTGATG-1	1
TCAAGACTCATAGGTC-1	5
TCAAGACTCTGCTACC-1	1
TCAAGCAAGCACGTAG-1	5
TCAAGCAAGCCTATAC-1	2
TCAAGCACAAGGCGTA-1	1
TCAAGCACACTCCACT-1	4
TCAAGCAGTAACCGAG-1	1
TCAAGCAGTGCTGGCT-1	5
TCAAGCAGTTAACTCG-1	2
TCAAGCATCGTGATAC-1	6
TCAAGCATCTCTGCGT-1	5
TCAATTCAGACACGGT-1	4
TCAATTCAGTTACACC-1	2
TCAATTCCACAGCTTA-1	2
TCAATTCCACGATTAC-1	4
TCAATTCCAGGTAACG-1	5
TCAATTCCATAGTCCA-1	1
TCAATTCCATTACCTT-1	5
TCAATTCGTAAGCCTT-1	4
TCAATTCGTAGTACAA-1	3
TCAATTCTCGATGTGT-1	3
TCAATTCTCGTTGTAG-1	3
TCAATTCTCTTGCGCT-1	1
TCACAAGAGACTAGCG-1	1
TCACAAGAGAGTAAGG-1	5
TCACAAGAGGTAAGTT-1	3
TCACAAGCAACTGCGC-1	1
TCACAAGCACCCTTAC-1	3
TCACAAGGTGGTTCTA-1	1
TCACAAGGTTCTGATG-1	5
TCACAAGTCCGAGGAA-1	1
TCACAAGTCCGTACGG-1	3
TCACAAGTCGACTTAG-1	5
TCACAAGTCGAGAAGC-1	3
TCACAAGTCTATAGGC-1	1
TCACAAGTCTCCAACC-1	3
TCACAGAAGACAGTGC-1	1
TCACAGAAGATGTTGA-1	2
TCACAGAAGCTACGTT-1	1
TCACAGAAGTTCGTTG-1	1
TCACAGACAAGCACTT-1	3
TCACAGACAATTCAGC-1	1
TCACAGACAGGTAACG-1	3
TCACAGACATGTAGAA-1	1
TCACAGAGTAAAGCTA-1	4
TCACAGAGTATCTGCA-1	2
TCACAGATCACCGCGA-1	1
TCACCACAGTTGCCGC-1	3
TCACCACCAAGTCCTA-1	1
TCACCACCAAGTGGCA-1	4
TCACCACCACGTGAAG-1	2
TCACCACGTTCATTTC-1	3
TCACCACTCACCCTTG-1	5
TCACCACTCCAGTTAG-1	3
TCACCACTCTCCACTG-1	2
TCACCTGAGCTAGTTC-1	1
TCACCTGCAAGTTGCT-1	3
TCACCTGGTCAACTAC-1	4
TCACCTGGTCAGAGTG-1	5
TCACCTGGTCCGTAGC-1	3
TCACCTGTCCAGGGAA-1	1
TCACTCGAGACCATAA-1	1
TCACTCGAGGTCGTTT-1	5
TCACTCGAGTCCTTCC-1	3
TCACTCGCAGTAGGCA-1	1
TCACTCGCAGTGCGAA-1	4
TCACTCGGTAGTCCAT-1	4
TCACTCGGTCTGTTGA-1	1
TCACTCGGTTAGTAGA-1	2
TCACTCGTCGTTTGAG-1	1
TCAGCTCCAAGTCTCA-1	1
TCAGCTCCACCGATCG-1	2
TCAGCTCCATACAACC-1	5
TCAGCTCCATTAGCAC-1	4
TCAGCTCGTCCGTCGA-1	2
TCAGCTCGTCTGGGAA-1	2
TCAGCTCGTCTGTGTA-1	3
TCAGCTCGTTAGCTCA-1	2
TCAGCTCTCGCGGCAT-1	3
TCAGCTCTCGCGTGAC-1	4
TCAGCTCTCGTGGGTC-1	3
TCAGGGCAGAACCATA-1	5
TCAGGGCAGTGTCGGA-1	2
TCAGGGCAGTTGGAAT-1	3
TCAGGGCGTAAAGCTA-1	1
TCAGGGCGTAATGTGA-1	1
TCAGGGCGTAGCGGTA-1	5
TCAGGGCGTCAGAAGC-1	1
TCAGGGCGTCTGTCCT-1	3
TCAGGGCGTGCACCCA-1	4
TCAGGGCGTGTGTGCC-1	3
TCAGGGCGTTTCACCC-1	1
TCAGGGCGTTTCGATG-1	5
TCAGGGCTCAGAACGG-1	2
TCAGGTAAGGAGAACA-1	3
TCAGGTAAGTATGGGC-1	5
TCAGGTAAGTCTGGGA-1	3
TCAGGTAAGTGGGACT-1	2
TCAGGTACAAGATGCG-1	1
TCAGGTACAAGTAATG-1	2
TCAGGTACACGGCCAT-1	1
TCAGGTACAGAATGCG-1	1
TCAGGTACATGGTAAA-1	2
TCAGGTAGTATTGTCG-1	2
TCAGGTAGTGTGAGGT-1	2
TCAGGTATCATCGCTC-1	1
TCAGGTATCCGTGCGA-1	4
TCAGGTATCGGTAGGA-1	3
TCAGGTATCTCCAACC-1	1
TCAGTCCAGATCGAGC-1	1
TCAGTCCAGTCCAGAG-1	1
TCAGTCCAGTGCTAGG-1	5
TCAGTCCCACAAACGG-1	1
TCAGTCCCACCTATTT-1	1
TCAGTCCGTGACCAGA-1	5
TCAGTCCGTGGAAGCT-1	6
TCAGTCCTCACTCCCA-1	1
TCAGTCCTCTCTTCCT-1	2
TCAGTTTAGAGAGTAG-1	4
TCAGTTTCAAAGGCCA-1	1
TCAGTTTCAAGGACCA-1	4
TCAGTTTCAGCAACGA-1	2
TCAGTTTTCAGGAATA-1	2
TCAGTTTTCGCTACCT-1	1
TCAGTTTTCGGGAATG-1	1
TCAGTTTTCGTTTGAG-1	1
TCAGTTTTCTCCTTGG-1	4
TCAGTTTTCTTATCAC-1	5
TCCAGAAAGCGTCTGC-1	1
TCCAGAAAGGAAGAAC-1	3
TCCAGAACAAGGTCGA-1	3
TCCAGAACACTGTTAG-1	4
TCCAGAACAGAGTCGA-1	2
TCCAGAACATTGCCTC-1	3
TCCAGAAGTGAGTAAT-1	1
TCCAGAAGTGGTAAGC-1	2
TCCAGAATCAGGTTTG-1	1
TCCAGAATCGAGTTAC-1	5
TCCAGAATCGCCAGAC-1	1
TCCATCGCACTGAAGG-1	3
TCCATCGCAGGACTGA-1	2
TCCATCGCATAGAATG-1	4
TCCATCGCATTCACGA-1	2
TCCATCGGTGGACAGT-1	2
TCCATCGGTTAGGAAT-1	1
TCCATCGTCGGTACTA-1	1
TCCATCGTCTCCTTAA-1	3
TCCCACAAGACTAATG-1	1
TCCCACAAGTGCTAGG-1	2
TCCCACACACAGGAAC-1	4
TCCCACACACTCGGAC-1	4
TCCCACACAGCGTAGA-1	2
TCCCACACAGTAAGAT-1	6
TCCCACAGTAAACGGC-1	1
TCCCACAGTAGTACAA-1	2
TCCCACAGTCACCGCA-1	2
TCCCACAGTCATAGCT-1	2
TCCCACAGTGGGTAGT-1	1
TCCCACAGTTTCTACT-1	3
TCCCACATCCCAGTAA-1	3
TCCCACATCGACTATG-1	3
TCCGACTAGGCAGTAC-1	1
TCCGACTAGTAGACCG-1	3
TCCGACTCACAGGAAC-1	4
TCCGACTCACTTACAG-1	4
TCCGACTCAGAACAGC-1	4
TCCGACTGTAGAACGC-1	4
TCCGACTGTGCCAAGA-1	1
TCCGACTTCCTAAGTG-1	3
TCGAGCGAGAGTTCGG-1	2
TCGAGCGAGCCTTTGA-1	5
TCGAGCGAGCGGACTA-1	3
TCGAGCGAGGTAGGAA-1	4
TCGAGCGAGTTCCAGT-1	1
TCGAGCGCACATGATC-1	2
TCGAGCGCATGGTAAA-1	4
TCGAGCGGTACTTCAG-1	1
TCGAGCGGTGCCCGAT-1	4
TCGAGCGGTGTGCGTC-1	2
TCGAGCGTCCACACCT-1	4
TCGAGCGTCCGTTAGA-1	3
TCGAGCGTCGATCGCG-1	4
TCGATTTAGAACTCCT-1	4
TCGATTTAGAGGCAGG-1	3
TCGATTTAGTTGCGCC-1	1
TCGATTTCATCCCAAA-1	4
TCGATTTGTATCCTTT-1	5
TCGATTTGTTCCCTTG-1	3
TCGATTTTCACTGGTA-1	3
TCGATTTTCCATGTTT-1	1
TCGATTTTCTGTGTCC-1	2
TCGCAGGAGAGGCCTA-1	1
TCGCAGGAGTTGCCGC-1	5
TCGCAGGCAAGAGCGT-1	3
TCGCAGGCACTAGCCG-1	3
TCGCAGGCAGAAAGAG-1	1
TCGCAGGGTCCCTAAA-1	2
TCGCAGGGTGCGCATC-1	2
TCGCAGGGTTCCAATG-1	2
TCGCAGGTCACGGGTC-1	2
TCGCAGGTCAGGCGCT-1	2
TCGCAGGTCTCAGATG-1	2
TCGCAGGTCTTAATCC-1	1
TCGCCTAAGCTGCCAC-1	2
TCGCCTACAAGTCTGT-1	3
TCGCCTACACAGGAAC-1	4
TCGCCTAGTATGTCCA-1	5
TCGCCTAGTTGAATAG-1	4
TCGCCTAGTTGCAGAG-1	3
TCGCCTATCATGTTCT-1	1
TCGCCTATCCGTTTCG-1	2
TCGGGACAGACTTCCA-1	2
TCGGGACAGCCTATAC-1	3
TCGGGACCACTTGCGG-1	1
TCGGGACCATGGGACA-1	2
TCGGGACGTCTGATTG-1	3
TCGGGACTCGATGTAC-1	2
TCGGGACTCGGTGATT-1	5
TCGGGACTCTCGGCGA-1	2
TCGGGACTCTGGAAGG-1	2
TCGTTCGAGATGTTCC-1	3
TCGTTCGAGGGTTCCC-1	2
TCGTTCGAGGTCGTTT-1	3
TCGTTCGCATCGACGC-1	1
TCGTTCGGTAACTCCA-1	1
TCGTTCGGTCGCGCTA-1	4
TCGTTCGGTCTGTCCT-1	3
TCGTTCGGTCTTAGCA-1	1
TCGTTCGGTTTAGAAG-1	3
TCGTTCGTCACTGGTA-1	3
TCGTTCGTCTGGTACA-1	2
TCTAGTTAGAGCTACG-1	1
TCTAGTTAGATATGAC-1	5
TCTAGTTAGCCAGAAC-1	1
TCTAGTTAGGGAAATG-1	3
TCTAGTTCAACCTCCT-1	4
TCTAGTTCAGTGCTCG-1	3
TCTAGTTGTCATAGAA-1	3
TCTAGTTGTCCGTAGC-1	2
TCTAGTTTCCGGCGAT-1	5
TCTAGTTTCGTTACAG-1	1
TCTATTGAGACACTTC-1	5
TCTATTGAGTGCTAGG-1	3
TCTATTGCAGACCTGC-1	1
TCTATTGCAGGGAGTT-1	1
TCTATTGCATAGCCAT-1	3
TCTATTGCATGGGACA-1	2
TCTATTGGTGAAACAT-1	3
TCTATTGGTTTAGGAA-1	3
TCTATTGTCAATTGGC-1	1
TCTCAGCAGAATAGTC-1	3
TCTCAGCAGAGAGTAG-1	3
TCTCAGCAGTACGACG-1	1
TCTCAGCCAACGCACC-1	2
TCTCAGCGTCGGCTGT-1	2
TCTCAGCGTGTTGTTG-1	5
TCTCAGCGTTAGGAAT-1	5
TCTCAGCTCAGGGTTT-1	4
TCTCAGCTCATGTTCT-1	3
TCTCAGCTCGATAGTC-1	3
TCTCAGCTCGCGATGC-1	4
TCTCAGCTCTCGCGTT-1	3
TCTCTGGAGCAGTAGC-1	2
TCTCTGGAGTACGCGA-1	3
TCTCTGGCAACTGCGC-1	4
TCTCTGGCACAGCTTA-1	3
TCTCTGGGTATCATGC-1	1
TCTCTGGGTCGAGGTA-1	3
TCTCTGGGTGATGCGA-1	4
TCTCTGGGTGCCCAGT-1	4
TCTCTGGGTGGAAAGA-1	2
TCTCTGGGTTCTGAAC-1	3
TCTCTGGTCGCACCTT-1	1
TCTCTGGTCGGGACAA-1	3
TCTCTGGTCTTGTACT-1	4
TGAATCGAGCGATACG-1	3
TGAATCGAGGCTCAGA-1	3
TGAATCGAGTCTCGAT-1	2
TGAATCGCACGTTGTA-1	3
TGAATCGCAGGTTATC-1	2
TGAATCGGTAGAGAGA-1	2
TGAATCGGTCAGTGCC-1	3
TGAATCGGTGCGCATC-1	2
TGAATCGTCACTACCC-1	1
TGAATCGTCACTAGCA-1	1
TGAATCGTCCTATCCG-1	6
TGAATCGTCTCGTGAA-1	2
TGACAACAGAATCAGT-1	1
TGACAACAGCAGGACT-1	3
TGACAACAGCCATCAT-1	5
TGACAACAGTTCAGGG-1	2
TGACAACAGTTGACAA-1	4
TGACAACCACAAGGGT-1	2
TGACAACCAGGCTACC-1	1
TGACAACCATCATAGC-1	1
TGACAACGTAGTCCAT-1	1
TGACAACGTCTGATTG-1	3
TGACAACGTTGGCTAT-1	4
TGACAACTCCATGTTT-1	2
TGACAACTCCCGAAGC-1	2
TGACAACTCTTGTACT-1	3
TGACTCCAGATGGGAA-1	3
TGACTCCAGTGCTGAG-1	4
TGACTCCCAAGACACG-1	2
TGACTCCCACTGGGCT-1	5
TGACTCCCAGCTATAC-1	3
TGACTCCGTAACGGTG-1	1
TGACTCCTCACGGGTC-1	1
TGACTCCTCATAGGTC-1	1
TGACTCCTCCCTACCA-1	3
TGACTCCTCGCGCCAA-1	4
TGAGCCGAGGAGTCTG-1	5
TGAGCCGAGGTAAGTT-1	3
TGAGCCGAGTAGACCG-1	3
TGAGCCGGTTACGCTA-1	2
TGAGCCGTCCATCATT-1	2
TGAGTCAAGAGTGGTC-1	2
TGAGTCAAGATGGCAC-1	4
TGAGTCAAGCCATGGA-1	3
TGAGTCAAGTCAGGAC-1	1
TGAGTCACAATCATCG-1	2
TGAGTCAGTTTCAGCA-1	3
TGAGTCATCCCAGCAG-1	3
TGAGTCATCCGATTGA-1	2
TGAGTCATCCGCTCTA-1	2
TGATCAGAGAGTAAGG-1	6
TGATCAGAGGCTTCGC-1	1
TGATCAGAGTGATATG-1	1
TGATCAGCAAGACACG-1	2
TGATCAGCAATGATGA-1	5
TGATCAGCAGAATGCG-1	3
TGATCAGGTAATGTGA-1	1
TGATCAGGTATTCTGG-1	3
TGATCAGGTGGAAAGA-1	2
TGATCAGGTTGCAGAG-1	2
TGATCAGTCATTGCCC-1	3
TGATCAGTCGGTACTA-1	3
TGATGCAAGTGCTCGC-1	2
TGATGCACAGGGTACA-1	2
TGATGCAGTCTAACCA-1	3
TGATGCATCTCCTTAA-1	1
TGATGCATCTTTATCG-1	4
TGATTTCAGAAGAGTG-1	3
TGATTTCAGAGCACTG-1	5
TGATTTCAGGCGATTG-1	2
TGATTTCAGTTCTCCC-1	2
TGATTTCCAACCTCCT-1	6
TGATTTCCACAGTTCA-1	3
TGATTTCCACTGCTTC-1	2
TGATTTCGTAACTCCA-1	3
TGATTTCGTACCTATG-1	2
TGATTTCGTGGGTAGT-1	1
TGATTTCTCCGGAAAG-1	1
TGCACCTAGACACAAT-1	2
TGCACCTAGCCCATTA-1	5
TGCACCTAGGCAAGGG-1	1
TGCACCTAGGGTTCTT-1	5
TGCACCTAGTCCGATT-1	3
TGCACCTCAAAGGCCA-1	1
TGCACCTCACAGGTAG-1	2
TGCACCTGTAAAGGCC-1	2
TGCACCTGTAACGTAA-1	2
TGCACCTGTGGCGCTT-1	2
TGCACCTGTTGTGACT-1	3
TGCACCTGTTTCTCTA-1	4
TGCACCTTCCAACCTC-1	1
TGCACCTTCCTTTGAT-1	2
TGCACCTTCGATGTAC-1	5
TGCACCTTCGTGCTTC-1	3
TGCACCTTCGTTGTTT-1	3
TGCACCTTCTTTCGAT-1	1
TGCATGACAAGCCAGA-1	2
TGCATGACAAGCGACA-1	3
TGCATGACAATTAGGA-1	1
TGCATGACAGGTTATC-1	4
TGCATGACATGTAGAA-1	5
TGCATGAGTGCATCAT-1	5
TGCATGATCAAGAGAT-1	4
TGCATGATCCCATAGA-1	1
TGCATGATCCGATGCG-1	5
TGCATGATCTTACGGA-1	3
TGCATTTAGACTTCCA-1	1
TGCATTTAGGGTAGTC-1	3
TGCATTTAGTGAGTTA-1	3
TGCATTTGTCCTTATT-1	3
TGCATTTTCCACCTAC-1	1
TGCATTTTCCATCTAT-1	1
TGCATTTTCGCTAGTA-1	1
TGCCTCAAGAGGCGGA-1	4
TGCCTCAAGGCATGCA-1	2
TGCCTCAAGGGTATCG-1	3
TGCCTCAAGGTACTCT-1	3
TGCCTCAAGTCATCTG-1	2
TGCCTCACAAGCCCTG-1	1
TGCCTCACACGCGTTG-1	1
TGCCTCAGTCAGAGTG-1	4
TGCCTCAGTCATTGCA-1	4
TGCCTCAGTCGTAATC-1	5
TGCCTCAGTGAGCTAG-1	1
TGCCTCATCGATCTTT-1	3
TGCCTGTAGGCGACTA-1	1
TGCCTGTAGGGCTTCC-1	3
TGCCTGTAGTATGGGC-1	2
TGCCTGTAGTTTGGAA-1	1
TGCCTGTCAACTTGGT-1	2
TGCCTGTCAATTGTGC-1	2
TGCCTGTCACATGATC-1	4
TGCCTGTGTACAAATG-1	2
TGCCTGTGTCAGGTGA-1	1
TGCCTGTGTCTGGGCT-1	6
TGCCTGTGTGGATTCT-1	5
TGCCTGTTCTGGTACA-1	4
TGCGTAAAGCGAGCTA-1	6
TGCGTAAGTATTCTTC-1	2
TGCGTAAGTCACCCGA-1	2
TGCGTAAGTTTCCACC-1	1
TGCGTAATCATAGGTC-1	3
TGCGTAATCGCGCTGA-1	2
TGCTATTAGAACGTTA-1	4
TGCTATTAGAGCTCCC-1	3
TGCTATTCAAGCAGGT-1	3
TGCTATTCATCGCTAA-1	3
TGCTATTGTCGTCGCA-1	5
TGCTATTGTTGGGAAC-1	1
TGCTATTTCAGGGTTT-1	2
TGCTATTTCATCGCCT-1	4
TGCTATTTCCATCGAA-1	2
TGCTATTTCGGTTGTA-1	2
TGCTATTTCTTAGTGG-1	5
TGCTATTTCTTATCAC-1	3
TGCTATTTCTTCCAGC-1	3
TGCTCACAGACAGCTG-1	4
TGCTCACAGATTACGA-1	3
TGCTCACAGCAACTGG-1	3
TGCTCACAGTCATACC-1	5
TGCTCACCAAGCGTCC-1	3
TGCTCACCAATGCCAT-1	5
TGCTCACGTGCATTGT-1	1
TGCTCACTCATTCTCA-1	4
TGCTCACTCCCAGTAA-1	3
TGCTCACTCTTTATCG-1	1
TGCTCGTAGGGAAGCG-1	1
TGCTCGTAGGGTTCCC-1	3
TGCTCGTAGTAGGAAG-1	1
TGCTCGTAGTCGCCTG-1	2
TGCTCGTCATTACTCT-1	2
TGCTCGTTCTGATCCC-1	3
TGCTTCGAGCCTTTGA-1	1
TGCTTCGCAGCAACCC-1	2
TGCTTCGCATTTCTTG-1	3
TGCTTCGTCTCTATCA-1	1
TGCTTCGTCTTGGCCT-1	1
TGCTTTAAGAAAGCAG-1	1
TGCTTTAAGTGTCGGA-1	4
TGCTTTACATGGCCCA-1	2
TGCTTTAGTACGACCC-1	2
TGCTTTAGTACTAGAA-1	1
TGCTTTAGTATCATGC-1	3
TGCTTTATCCACGAGC-1	3
TGCTTTATCCGCCTAT-1	3
TGCTTTATCGAGTGTT-1	3
TGGAAGGAGGCACTAG-1	3
TGGAAGGAGTTTGGAA-1	2
TGGAAGGCAACTGCGC-1	2
TGGAAGGTCATTCATC-1	3
TGGAAGGTCCCAGCGA-1	3
TGGACATAGAGGAAGT-1	3
TGGACATAGCCCATTA-1	2
TGGACATAGCGTTAGG-1	2
TGGACATAGTGAGTGC-1	1
TGGACATCAAGATTAG-1	1
TGGACATCACCTACCT-1	4
TGGACATCAGAGTCGA-1	3
TGGACATGTACAAGCG-1	4
TGGACATGTAGCGAGT-1	1
TGGACATGTCAAACAA-1	3
TGGACATGTTCCATCC-1	1
TGGACATGTTGTCGGC-1	3
TGGACATTCCAACGCG-1	2
TGGACATTCTGAGTCA-1	3
TGGCAATAGACTAGGC-1	5
TGGCAATAGCCTATAC-1	1
TGGCAATAGTGAACCG-1	2
TGGCAATCAGAACTTC-1	3
TGGCAATGTGAAACAT-1	1
TGGCAATGTGAATCGG-1	1
TGGCAATGTTCCGCGA-1	2
TGGCAATGTTTGAAGA-1	1
TGGCAATTCTGCCGAG-1	1
TGGCCTTAGCCATGGA-1	3
TGGCCTTAGTTAGCGG-1	5
TGGCCTTCAATGATGA-1	4
TGGCCTTCACCTCGTT-1	4
TGGCCTTCAGTGCGTC-1	3
TGGCCTTGTAACGGAC-1	2
TGGCCTTGTAATGCAA-1	3
TGGCCTTGTTTCTACT-1	1
TGGCCTTTCCGGCTGA-1	1
TGGCCTTTCGGAAAGC-1	1
TGGCCTTTCGGTTCCT-1	3
TGGCCTTTCGTGAACT-1	3
TGGCCTTTCTCTGCGT-1	3
TGGCGCAAGTTGACAA-1	3
TGGCGCACAAAGAAGG-1	4
TGGCGCACAAGACACG-1	1
TGGCGCAGTCAACTAC-1	3
TGGCGCAGTGAAACAT-1	1
TGGCGCAGTTTCAGCA-1	5
TGGCGCATCCAGGGAA-1	3
TGGCGCATCCTATCAT-1	1
TGGCGCATCGGGAAAC-1	3
TGGCGCATCGGGCTCA-1	3
TGGCGCATCTGTAGAC-1	2
TGGGTGCCAACACGGA-1	1
TGGGTGCCATCATCGA-1	2
TGGGTGCGTGCTGTCG-1	3
TGGGTGCTCGCCCTTA-1	1
TGGGTTAAGCTTACCA-1	5
TGGGTTAAGTACCCAT-1	2
TGGGTTACAGCACATT-1	2
TGGGTTAGTAACTCCA-1	1
TGGGTTATCGGCAATT-1	5
TGGGTTATCTCGTGAA-1	3
TGGGTTATCTTGTACT-1	1
TGGTCAACACTCGTGG-1	2
TGGTCAACATGCGCTG-1	1
TGGTCAAGTCAGTGCC-1	3
TGGTCAAGTCATAAGA-1	3
TGGTCAAGTCTGAGCC-1	1
TGGTCAATCACCCGGA-1	1
TGGTCAATCATTCTTG-1	1
TGGTCAATCGAAGCCC-1	2
TGGTCCTAGGCAGTAC-1	1
TGGTCCTCAAGGAAGA-1	5
TGGTCCTCACAAGGGT-1	1
TGGTCCTGTATGTCCA-1	1
TGGTCCTGTTATAGAG-1	1
TGGTCCTGTTCCCTTG-1	5
TGGTCCTTCAAACCCA-1	2
TGGTCCTTCATTGCCC-1	2
TGTAAGCAGCGTATCT-1	5
TGTAAGCCAAATAGTG-1	2
TGTAAGCCAAGCAACG-1	3
TGTAAGCCACCGTCTT-1	1
TGTAAGCCATTACCTT-1	4
TGTAAGCGTAGAGAGA-1	1
TGTAAGCGTGACCAGA-1	5
TGTAAGCGTGTGAGGT-1	3
TGTAAGCTCCCGGGTA-1	1
TGTACAGAGATCGAGC-1	5
TGTACAGAGGGTATCG-1	4
TGTACAGCACTGTTAG-1	3
TGTACAGGTAGACGCA-1	3
TGTACAGGTGCTTTGA-1	4
TGTACGAAGAGAATTC-1	2
TGTACGAAGGGTTCCC-1	3
TGTACGAAGTCTTAGC-1	3
TGTACGACAAGACACG-1	2
TGTACGACACTCCACT-1	5
TGTACGACATAAAGTG-1	1
TGTACGAGTCAACTGT-1	5
TGTACGAGTGTCCAGC-1	2
TGTACGAGTTTCGATG-1	5
TGTACGATCACTAGGT-1	5
TGTACGATCCGCGATG-1	2
TGTACGATCTTCTCTC-1	1
TGTAGCAAGGTTAACA-1	3
TGTAGCACACACATGT-1	1
TGTAGCACACATCATG-1	1
TGTAGCACAGCAAACG-1	3
TGTAGCAGTAACATAG-1	3
TGTAGCAGTCCATTGA-1	1
TGTAGCATCCGAATTG-1	3
TGTAGCATCCGTTTCG-1	6
TGTAGCATCGCGCCAA-1	1
TGTAGCATCTCGTAGA-1	3
TGTGACAAGCCGCAAA-1	3
TGTGACAAGGATCCTT-1	2
TGTGACACACAGATGG-1	2
TGTGACACAGTAACCT-1	5
TGTGACACATTGCGAT-1	1
TGTGACAGTAAAGGCC-1	3
TGTGACAGTCGCTACG-1	4
TGTGACATCGAGGTCC-1	3
TGTGACATCGTGGGTC-1	3
TGTGACATCTATTTCG-1	5
TGTGGCGAGACACAAT-1	1
TGTGGCGAGAGCAGCT-1	2
TGTGGCGAGGCAGTAC-1	1
TGTGGCGAGTGGACGT-1	1
TGTGGCGCAAGCGACA-1	4
TGTGGCGCAATGAAAC-1	1
TGTGGCGCAGATGGCA-1	1
TGTGGCGCATTCCCGT-1	2
TGTGGCGGTACTATGC-1	1
TGTGGCGGTCAATACC-1	4
TGTGGCGGTGATTCCA-1	5
TGTGGCGTCCAGGCCA-1	3
TGTGGCGTCCATACCC-1	4
TGTGGCGTCGTGGCGT-1	2
TGTGGCGTCTCTTAAC-1	1
TGTGTCCAGAGGTGGG-1	3
TGTGTCCAGCCAGAAC-1	2
TGTGTCCCAGAACTTC-1	1
TGTGTCCCAGGATAGC-1	3
TGTGTCCCAGTATCTG-1	1
TGTGTCCTCACGGGTC-1	2
TGTGTCCTCGCGCCAA-1	2
TGTGTCCTCGTCCCAT-1	2
TGTGTCCTCTTACTCA-1	1
TGTTAGGAGTATAGTG-1	3
TGTTAGGAGTGAGTTA-1	3
TGTTAGGCATCGGCCA-1	1
TGTTAGGCATTACTCT-1	3
TGTTAGGCATTTAGGC-1	5
TGTTAGGGTAGTCCAT-1	1
TGTTAGGGTGACGCAA-1	1
TGTTAGGGTGATGCGA-1	2
TGTTAGGTCACTGATG-1	4
TGTTAGGTCGCACCTT-1	2
TTAACGGAGCATGATA-1	3
TTAACGGAGGGTTCTT-1	1
TTAACGGGTTTCTACT-1	3
TTAACGGTCACACGTA-1	4
TTAACGGTCGAGCGCT-1	3
TTAACGGTCTCGGCGA-1	1
TTACCCGCAAAGGCCA-1	5
TTACCCGCACAGAAGC-1	4
TTACCCGGTAAGCCTT-1	3
TTACCCGGTATATGGA-1	4
TTACCCGGTCGCTAGC-1	1
TTACCCGGTTTCCGGG-1	3
TTACCGCAGAGAACCC-1	6
TTACCGCAGTGCTGAG-1	2
TTACCGCCAACTCGTA-1	4
TTACCGCCAAGCCCTG-1	3
TTACCGCCAATTCGTG-1	1
TTACCGCCAGCGCGTT-1	1
TTACCGCGTATCATGC-1	1
TTACCGCGTTTCCACC-1	2
TTACCGCTCGCTCTAC-1	4
TTACCGCTCTCCTTGG-1	4
TTACGGAAGACGAAAG-1	4
TTACGGAAGAGCTACG-1	1
TTACGGAAGCAGAGCT-1	5
TTACGGAAGCCTCGCA-1	3
TTACGGAAGCGATACG-1	2
TTACGGAAGCTGAAAT-1	5
TTACGGAAGGATGTCG-1	1
TTACGGAAGGTAAGCC-1	4
TTACGGACATCGCCTT-1	2
TTACGGAGTATATGGA-1	2
TTACGGAGTGCAACAG-1	1
TTACGGATCACAAGCT-1	5
TTACGGATCGTTGTAG-1	5
TTACGGATCTAGCAGT-1	1
TTACGTTAGATGCGCA-1	3
TTACGTTAGGTCGGTA-1	3
TTACGTTCAAACGACG-1	5
TTACGTTCAAATGTCC-1	2
TTACGTTCATGCCCTT-1	1
TTACGTTCATGGTTTG-1	4
TTACGTTGTGTCCTTC-1	2
TTACGTTGTTGGGAAC-1	2
TTACGTTTCACCGCGA-1	1
TTACGTTTCTACATCT-1	2
TTACTCACAGGTCCTG-1	3
TTACTCAGTACAAATG-1	1
TTACTTGAGACACGGT-1	6
TTACTTGAGAGAGTAG-1	1
TTACTTGAGATCTCAC-1	2
TTACTTGAGCTCGGCT-1	4
TTACTTGAGCTTCAAC-1	1
TTACTTGCAAACTACC-1	1
TTACTTGCAGCACATT-1	1
TTACTTGGTTAAGTCC-1	3
TTACTTGTCATGAACC-1	1
TTAGCGAAGAGAGGTA-1	3
TTAGCGAAGGTGATGC-1	2
TTAGCGACATCACAGT-1	1
TTAGCGACATGACTGT-1	3
TTAGCGATCATGTTCT-1	4
TTAGCGATCGGTTAGT-1	2
TTAGCGATCGTCAACA-1	2
TTAGCTTAGATCTAAG-1	2
TTAGCTTAGGATGCCA-1	1
TTAGCTTCAAGACTTC-1	4
TTAGCTTCACAGAAGC-1	4
TTAGCTTCAGTGCGAA-1	3
TTAGCTTCATGTAGAA-1	3
TTAGCTTGTCGTAGTT-1	4
TTAGCTTGTTCCCAAA-1	4
TTAGCTTTCACAAGCT-1	3
TTAGCTTTCTGATCCC-1	1
TTAGGTGAGAGGCAGG-1	4
TTAGGTGAGCAGAGCT-1	2
TTAGGTGAGCATGTGG-1	1
TTAGGTGAGTCCGGAA-1	2
TTAGGTGAGTGAGCAC-1	2
TTAGGTGCAAGGTTCT-1	1
TTAGGTGCAATACTGC-1	1
TTAGGTGCACTAAACC-1	2
TTAGGTGCAGACTAAA-1	1
TTAGGTGCATAGTCCA-1	2
TTAGGTGGTAGGTAAT-1	3
TTAGGTGGTTCAGTTG-1	3
TTAGGTGGTTCTTATC-1	1
TTAGGTGTCCCAGTAA-1	6
TTATGTCAGGGTTCCC-1	1
TTATGTCCAAAGAAGG-1	3
TTATGTCCAAGGTTCT-1	2
TTATGTCCAATCATCG-1	2
TTATGTCCAATTGTGC-1	3
TTATGTCCACACGGTC-1	3
TTATGTCGTATTCGAC-1	1
TTATGTCGTCTAAAGA-1	1
TTATGTCGTGCTGAAG-1	1
TTATGTCGTTCACGTA-1	3
TTATGTCTCGCGTTCT-1	1
TTATGTCTCTATCTAC-1	4
TTATGTCTCTGATCTT-1	3
TTCAACTCATCATAGC-1	4
TTCAACTGTACCAAGG-1	5
TTCAACTGTACGTAAA-1	2
TTCAACTTCTGAGTAC-1	3
TTCATCAAGGATCCTT-1	1
TTCATCAAGGGCTCTC-1	3
TTCATCAAGTTGTCCA-1	2
TTCATCACAACGTAGG-1	3
TTCATCACAAGATGCG-1	1
TTCATCAGTAGCGGTA-1	4
TTCATCAGTTTGAAGA-1	2
TTCATCATCCCGTATC-1	1
TTCATTGAGAGGCGGA-1	5
TTCATTGAGATCGATA-1	2
TTCATTGAGCGTGTTT-1	3
TTCATTGAGTGTCCCG-1	2
TTCATTGGTACATGGG-1	2
TTCATTGGTATGTTCG-1	1
TTCATTGGTGCACTTA-1	2
TTCATTGGTTCAGAAA-1	4
TTCATTGTCGCTTGAA-1	5
TTCATTGTCGTGGCGT-1	2
TTCATTGTCTAGCTGA-1	1
TTCGATTAGGTTAACA-1	4
TTCGATTCACTGTCGG-1	1
TTCGATTGTACTAGAA-1	3
TTCGATTGTGAATGTA-1	1
TTCGATTGTTAAGTCC-1	3
TTCGATTTCCATCTAT-1	1
TTCGATTTCTACCCGT-1	1
TTCGCGTAGAGCCTGA-1	5
TTCGCGTCAAGCGGTA-1	3
TTCGCGTCACAGTTCA-1	3
TTCGCGTGTGTCGTGC-1	6
TTCGCGTGTTTGCCCT-1	3
TTCGCGTTCCACGGCA-1	1
TTCGCGTTCGCAAGCC-1	2
TTCGCGTTCGCCACTT-1	1
TTCGGTCAGGAAGAAC-1	2
TTCGGTCAGTTGGAAT-1	4
TTCGGTCCAGAGCCAA-1	3
TTCGGTCCATCAACTG-1	3
TTCGGTCCATCCTGGG-1	2
TTCGGTCTCTGAAAGA-1	2
TTCGTTAAGTCCTTCC-1	2
TTCGTTACACATCATG-1	1
TTCGTTACATCGTACA-1	5
TTCGTTAGTACGCAAG-1	2
TTCGTTATCCCAATGA-1	2
TTCGTTATCGCGATGC-1	1
TTCGTTATCGTTGTTT-1	1
TTCTAACAGCAATGTA-1	1
TTCTAACCAAGGATGC-1	2
TTCTAACCAAGTTGCT-1	1
TTCTAACCACTCAGCG-1	3
TTCTAACCAGGCAAGT-1	3
TTCTAACGTCAAATCC-1	2
TTCTAACGTTTAAGCC-1	2
TTCTGTACACGTACAT-1	2
TTCTGTACATTACTCT-1	1
TTCTGTAGTCTAAGAA-1	2
TTCTGTAGTTGTGAGG-1	1
TTCTGTATCACATCCC-1	3
TTCTGTATCGACCCGA-1	2
TTCTGTATCGTGAGTT-1	2
TTGACGAAGACCCTAT-1	3
TTGACGAAGTTAGAGT-1	4
TTGACGACAACCTCCT-1	3
TTGACGACAAGTCCTA-1	3
TTGACGAGTATTGTGC-1	4
TTGACGAGTCGTAATC-1	1
TTGACGAGTGGACCAA-1	4
TTGACGAGTTGCAGAG-1	1
TTGACGATCACTGATG-1	1
TTGACGATCGTTCAGA-1	1
TTGACGATCTACCCGT-1	2
TTGAGCACAGATTTGC-1	4
TTGAGCAGTAATGCCT-1	1
TTGAGCAGTATACGCT-1	4
TTGAGCAGTCTCTAAG-1	6
TTGAGCATCACGTCAA-1	1
TTGAGCATCCTCTCTT-1	4
TTGAGCATCGACTCGG-1	5
TTGAGCATCGAGAACG-1	3
TTGAGTGAGCAGTAGC-1	3
TTGAGTGCAAGACACG-1	5
TTGAGTGGTGAAACAT-1	3
TTGAGTGGTGGTTCTA-1	3
TTGAGTGTCAGATACC-1	2
TTGAGTGTCAGGCGCT-1	1
TTGCACCAGGGTATCG-1	1
TTGCACCAGTACGACG-1	6
TTGCACCGTAACATAG-1	3
TTGCACCGTCAAACAA-1	3
TTGCACCGTGATGCTT-1	2
TTGCACCGTGCACATT-1	1
TTGCACCGTGCTTCCT-1	5
TTGCACCGTTTAGACC-1	2
TTGCACCTCACATCCC-1	3
TTGCACCTCCTTACGC-1	3
TTGCACCTCTTCGTTA-1	4
TTGCAGAAGAAGCCTG-1	2
TTGCAGAAGACTAGCG-1	3
TTGCAGACATCCTCGT-1	2
TTGCAGAGTAGCGTTT-1	2
TTGCAGAGTATGGATA-1	3
TTGCAGATCAGTCACA-1	4
TTGCAGATCTTACCTA-1	1
TTGCCCAAGACGAAAG-1	2
TTGCCCAAGCACACCC-1	1
TTGCCCAAGCAGGAGG-1	3
TTGCCCACAAGATGCG-1	3
TTGCCCACAAGTTCGT-1	1
TTGCCCACATCAACTG-1	1
TTGCCCACATGCTATG-1	5
TTGCCCAGTTGGAGGT-1	2
TTGCCCATCCATAGGT-1	3
TTGCCCATCCCGATTC-1	5
TTGCCCATCGATGCAT-1	2
TTGCCCATCGCTCGGA-1	2
TTGCCCATCGTGAACT-1	2
TTGCCCATCTGGCTAA-1	3
TTGCCCATCTTAGTGG-1	5
TTGCGAAAGCATGATA-1	3
TTGCGAACATTCACCC-1	2
TTGCGAAGTTGTCGGC-1	1
TTGCGAATCGCTCGGA-1	5
TTGCGAATCTCAGATG-1	1
TTGCGGGAGAAATGGG-1	1
TTGCGGGAGAACCCGA-1	3
TTGCGGGAGATGGGTC-1	3
TTGCGGGAGGACTAGC-1	2
TTGCGGGCAAAGAGAG-1	2
TTGCGGGCAACGTAGG-1	5
TTGCGGGCAAGACTTC-1	6
TTGCGGGCAATGGCTT-1	1
TTGCGGGGTAAACGTA-1	1
TTGCGGGGTACCCATA-1	2
TTGCGGGGTCTGGTTA-1	2
TTGCGGGTCACTGGTA-1	2
TTGCGGGTCGCCGAAC-1	3
TTGCGGGTCTCAGATG-1	2
TTGCGGGTCTCGTGAA-1	4
TTGCTATAGGAACCGT-1	1
TTGCTATAGGAGTAGA-1	3
TTGCTATAGTAGGAAG-1	1
TTGCTATCAATAGTGA-1	5
TTGCTATCACCTGGTG-1	3
TTGCTATCACTGCTTC-1	2
TTGCTATCATGGCCTG-1	2
TTGCTATCATTGCACA-1	1
TTGCTATGTTGGACGA-1	1
TTGCTATTCGATGTGT-1	5
TTGCTTAAGCATTCCA-1	4
TTGCTTAAGGTTAACA-1	1
TTGCTTACAACAACTC-1	1
TTGCTTACAGTGCGAA-1	4
TTGCTTAGTACAACGG-1	3
TTGCTTAGTCCTTATT-1	2
TTGCTTAGTGATGCGA-1	1
TTGCTTAGTGCATTCA-1	4
TTGCTTAGTTTAAGCC-1	1
TTGCTTATCGGTCTCT-1	1
TTGCTTATCTGTCGGG-1	1
TTGGTCCAGACAACGC-1	2
TTGGTCCAGCACCATT-1	2
TTGGTCCAGGGCTCTC-1	3
TTGGTCCCAATCATCG-1	5
TTGGTCCCAGTGCGTC-1	2
TTGGTCCCATTACTTC-1	3
TTGTCTAAGAAGACTT-1	3
TTGTCTAAGATCCGAG-1	4
TTGTCTAAGCGCAATG-1	2
TTGTCTAAGGAAGAAC-1	5
TTGTCTAAGGGAGTTC-1	1
TTGTCTAAGTATAGTG-1	3
TTGTCTACAACTCCCT-1	4
TTGTCTAGTATGCTAC-1	1
TTGTCTAGTATGGGTG-1	2
TTGTCTAGTGCAACAG-1	5
TTGTCTATCCACACCT-1	3
TTGTCTATCTTCAGAG-1	3
TTGTTCAAGCGGACTA-1	3
TTGTTCAAGTGCTCGC-1	2
TTGTTCACAATTCAGC-1	2
TTGTTCACACATCATG-1	1
TTGTTCACAGATACAA-1	2
TTGTTCAGTCCGGTAC-1	3
TTGTTCAGTTCTTTCA-1	2
TTGTTCATCTCCAACC-1	4
TTGTTCATCTCTTCTC-1	2
TTGTTGTAGAAACGCC-1	1
TTGTTGTCAAACGACG-1	2
TTGTTGTCACTGCTCT-1	3
TTGTTGTCATACCCGG-1	3
TTGTTGTCATCGTACA-1	2
TTGTTGTGTACGTATC-1	2
TTGTTGTGTCAGAAAT-1	3
TTGTTGTGTGATAGAT-1	1
TTGTTGTGTTTCGATG-1	3
TTGTTGTTCCACACCT-1	1
TTTACGTAGACACTTC-1	2
TTTACGTAGACCTATC-1	3
TTTACGTAGATGGCAC-1	5
TTTACGTAGGGTCCCT-1	2
TTTACGTAGGTAAGTT-1	3
TTTACGTCAATGTGTC-1	2
TTTACGTCACAGTTAC-1	3
TTTACGTCACGACGAA-1	1
TTTACGTCACTACACA-1	1
TTTACGTGTAGTAACA-1	4
TTTACGTGTTACTACG-1	1
TTTACGTGTTTGTGAC-1	1
TTTACGTTCGCACCGA-1	1
TTTGAGGAGAGGTACC-1	3
TTTGAGGAGGGCTCTC-1	2
TTTGAGGCAGTATACC-1	1
TTTGAGGGTTTCGACA-1	3
TTTGAGGTCACGATTG-1	4
TTTGAGGTCGGTGATT-1	2
TTTGAGGTCGGTTCCT-1	3
TTTGCGCAGACTAGGC-1	3
TTTGCGCAGGGTAGTC-1	2
TTTGCGCAGTCATCTG-1	5
TTTGCGCAGTTGACAA-1	2
TTTGCGCCAACGCAAG-1	2
TTTGCGCCAACGTCCG-1	4
TTTGCGCCAGTAACTC-1	3
TTTGCGCCATCACAAC-1	1
TTTGCGCCATTTGTTC-1	3
TTTGCGCGTAACAATG-1	1
TTTGCGCGTCGATAGG-1	1
TTTGCGCGTGAGTCGA-1	2
TTTGCGCGTTACTACG-1	4
TTTGCGCGTTCCTGTC-1	3
TTTGGCCAGAGCTCCC-1	3
TTTGGCCAGGCAAGCT-1	5
TTTGGCCAGGTCTTTG-1	4
TTTGGCCAGTAACACA-1	3
TTTGGCCAGTGGGACT-1	1
TTTGGCCCAAACTACC-1	1
TTTGGCCCAACTCCCT-1	3
TTTGGCCGTAACGGCA-1	2
TTTGGCCGTTGTGAGG-1	3
TTTGGCCGTTTGGATC-1	3
TTTGGCCTCCAGCACG-1	3
TTTGGTTAGAATACTG-1	6
TTTGGTTAGCGTCTGC-1	1
TTTGGTTAGTACAACA-1	1
TTTGGTTAGTGTTCCA-1	1
TTTGGTTCAGTTCGGC-1	2
TTTGGTTGTGTGTGCC-1	3
TTTGGTTTCACCACAA-1	4
TTTGTGTAGACCCTAT-1	2
TTTGTGTAGAGCCACA-1	1
TTTGTGTAGATCACCT-1	1
TTTGTGTAGGAAACTT-1	1
TTTGTGTAGTTAGAGT-1	2
TTTGTGTCAATGTGTC-1	2
TTTGTGTGTAACTGAA-1	3
TTTGTGTGTAAGCCGA-1	1
TTTGTGTGTATATGGA-1	2
TTTGTGTTCACATCCC-1	2
TTTGTGTTCATCATGG-1	3
TTTGTGTTCGTGAACT-1	1
